CREATE DATABASE  IF NOT EXISTS `SportPlus` /*!40100 DEFAULT CHARACTER SET utf8 */;
USE `SportPlus`;

/*!40101 SET @OLD_CHARACTER_SET_CLIENT=@@CHARACTER_SET_CLIENT */;
/*!40101 SET @OLD_CHARACTER_SET_RESULTS=@@CHARACTER_SET_RESULTS */;
/*!40101 SET @OLD_COLLATION_CONNECTION=@@COLLATION_CONNECTION */;
/*!40101 SET NAMES utf8mb4 */;
/*!40103 SET @OLD_TIME_ZONE=@@TIME_ZONE */;
/*!40103 SET TIME_ZONE='+00:00' */;
/*!40014 SET @OLD_UNIQUE_CHECKS=@@UNIQUE_CHECKS, UNIQUE_CHECKS=0 */;
/*!40014 SET @OLD_FOREIGN_KEY_CHECKS=@@FOREIGN_KEY_CHECKS, FOREIGN_KEY_CHECKS=0 */;
/*!40101 SET @OLD_SQL_MODE=@@SQL_MODE, SQL_MODE='NO_AUTO_VALUE_ON_ZERO' */;
/*!40111 SET @OLD_SQL_NOTES=@@SQL_NOTES, SQL_NOTES=0 */;

--
-- Table structure for table `city`
--

DROP TABLE IF EXISTS `city`;
/*!40101 SET @saved_cs_client     = @@character_set_client */;
/*!40101 SET character_set_client = utf8 */;
CREATE TABLE `city` (
  `city_id` varchar(13) DEFAULT NULL,
  `city_name` varchar(26) DEFAULT NULL,
  `country` varchar(2) DEFAULT NULL
) ENGINE=InnoDB DEFAULT CHARSET=utf8mb4;
/*!40101 SET character_set_client = @saved_cs_client */;

--
-- Dumping data for table `city`
--

LOCK TABLES `city` WRITE;
/*!40000 ALTER TABLE `city` DISABLE KEYS */;
INSERT INTO `city` VALUES ('3.500000001E9','Acheres','FR'),('3.500000002E9','Aix En Provence','FR'),('3.500000003E9','Alencon','FR'),('3.500000004E9','Amiens','FR'),('3.500000005E9','Amilly','FR'),('3.500000006E9','Angers','FR'),('3.500000007E9','Angouleme','FR'),('3.500000008E9','Annecy','FR'),('3.500000009E9','Annonay','FR'),('3.50000001E9','Antibes','FR'),('3.500000011E9','Antony','FR'),('3.500000012E9','Arcueil','FR'),('3.500000013E9','Argenteuil','FR'),('3.500000014E9','Armees','FR'),('3.500000015E9','Arras','FR'),('3.500000016E9','Asnieres Sur Seine','FR'),('3.500000017E9','Athis Mons','FR'),('3.500000018E9','Aubagne','FR'),('3.500000019E9','Aubervilliers','FR'),('3.50000002E9','Aulnay Sous Bois','FR'),('3.500000021E9','Aurillac','FR'),('3.500000022E9','Aussonne','FR'),('3.500000023E9','Auxerre','FR'),('3.500000024E9','Avranches','FR'),('3.500000025E9','Bagneux','FR'),('3.500000026E9','Bagnolet','FR'),('3.500000027E9','Baillet En France','FR'),('3.500000028E9','Balma','FR'),('3.500000029E9','Bar Le Duc','FR'),('3.50000003E9','Basse-Terre','FR'),('3.500000031E9','Beaucouze','FR'),('3.500000032E9','Beaurins','FR'),('3.500000033E9','Beauvais','FR'),('3.500000034E9','Begles','FR'),('3.500000035E9','Belbeuf','FR'),('3.500000036E9','Belfort','FR'),('3.500000037E9','Besancon','FR'),('3.500000038E9','Biache St Vaast','FR'),('3.500000039E9','Blagnac','FR'),('3.50000004E9','Blois','FR'),('3.500000041E9','Bobigny','FR'),('3.500000042E9','Bois Guillaume','FR'),('3.500000043E9','Bois-Guillaume','FR'),('3.500000044E9','Boissiere Ecole','FR'),('3.500000045E9','Bondy','FR'),('3.500000046E9','Bonneuil Sur Marne','FR'),('3.500000047E9','Bordeaux','FR'),('3.500000048E9','Bordeaux Lac','FR'),('3.500000049E9','Boulogne','FR'),('3.50000005E9','Boulogne Billancourt','FR'),('3.500000051E9','Bourg En Bresse','FR'),('3.500000052E9','Bourg la Reine','FR'),('3.500000053E9','Bourges','FR'),('3.500000054E9','Brest','FR'),('3.500000055E9','Bretigny Sur Orge','FR'),('3.500000056E9','Brie Comte Robert','FR'),('3.500000057E9','Cachan','FR'),('3.500000058E9','Cagnes Sur Mer','FR'),('3.500000059E9','Cahors','FR'),('3.50000006E9','Calais','FR'),('3.500000061E9','Caluire Et Cuire','FR'),('3.500000062E9','Cambrai','FR'),('3.500000063E9','Carcassonne','FR'),('3.500000064E9','Carquefou','FR'),('3.500000065E9','Carros','FR'),('3.500000066E9','Castelnau Le Lez','FR'),('3.500000067E9','Castres','FR'),('3.500000068E9','Cayenne   - Guyane','FR'),('3.500000069E9','Cenac','FR'),('3.50000007E9','Cergy','FR'),('3.500000071E9','Cergy Pontoise','FR'),('3.500000072E9','Cergy Prefecture','FR'),('3.500000073E9','Cernay Les Reims','FR'),('3.500000074E9','Cesson Sevigne','FR'),('3.500000075E9','Chalon Sur Saone','FR'),('3.500000076E9','Chalons En Champagne','FR'),('3.500000077E9','Chambery','FR'),('3.500000078E9','Chambourcy','FR'),('3.500000079E9','Chantilly','FR'),('3.50000008E9','Charenton','FR'),('3.500000081E9','Charenton Le Pont','FR'),('3.500000082E9','Charleville-Mezieres','FR'),('3.500000083E9','Chartres','FR'),('3.500000084E9','Chateauroux','FR'),('3.500000085E9','Chatenay Malabry','FR'),('3.500000086E9','Chatillon','FR'),('3.500000087E9','Chatou','FR'),('3.500000088E9','Chaumont','FR'),('3.500000089E9','Chaville','FR'),('3.50000009E9','Chevilly la Rue','FR'),('3.500000091E9','Chilly Mazarin','FR'),('3.500000092E9','Clamart','FR'),('3.500000093E9','Clapiers','FR'),('3.500000094E9','Claye Souilly','FR'),('3.500000095E9','Clermont Ferrand','FR'),('3.500000096E9','Clermont-Ferrand','FR'),('3.500000097E9','Clichy','FR'),('3.500000098E9','Collegien','FR'),('3.500000099E9','Colombes','FR'),('3.5000001E9','Commentry','FR');
/*!40000 ALTER TABLE `city` ENABLE KEYS */;
UNLOCK TABLES;

--
-- Table structure for table `continent`
--

DROP TABLE IF EXISTS `continent`;
/*!40101 SET @saved_cs_client     = @@character_set_client */;
/*!40101 SET character_set_client = utf8 */;
CREATE TABLE `continent` (
  `continent_id` decimal(3,1) DEFAULT NULL,
  `continent_name` varchar(17) DEFAULT NULL
) ENGINE=InnoDB DEFAULT CHARSET=utf8mb4;
/*!40101 SET character_set_client = @saved_cs_client */;

--
-- Dumping data for table `continent`
--

LOCK TABLES `continent` WRITE;
/*!40000 ALTER TABLE `continent` DISABLE KEYS */;
INSERT INTO `continent` VALUES (90.0,'Antarctica'),(91.0,'North America'),(92.0,'South America'),(93.0,'Europe'),(94.0,'Africa'),(95.0,'Asia'),(96.0,'Australia/Pacific'),(97.0,'Pangée');
/*!40000 ALTER TABLE `continent` ENABLE KEYS */;
UNLOCK TABLES;

--
-- Table structure for table `country`
--

DROP TABLE IF EXISTS `country`;
/*!40101 SET @saved_cs_client     = @@character_set_client */;
/*!40101 SET character_set_client = utf8 */;
CREATE TABLE `country` (
  `country` varchar(2) DEFAULT NULL,
  `country_name` varchar(24) DEFAULT NULL,
  `population` varchar(9) DEFAULT NULL,
  `country_id` decimal(4,1) DEFAULT NULL,
  `continent_id` decimal(3,1) DEFAULT NULL,
  `country_formername` varchar(23) DEFAULT NULL
) ENGINE=InnoDB DEFAULT CHARSET=utf8mb4;
/*!40101 SET character_set_client = @saved_cs_client */;

--
-- Dumping data for table `country`
--

LOCK TABLES `country` WRITE;
/*!40000 ALTER TABLE `country` DISABLE KEYS */;
INSERT INTO `country` VALUES ('AD','Andorra','',140.0,93.0,''),('AE','United Arab Emirates','',888.0,95.0,''),('AF','Afghanistan','',110.0,95.0,''),('AG','Antigua/Barbuda','',149.0,92.0,''),('AI','Anguilla','',142.0,92.0,''),('AL','Albania','',120.0,93.0,''),('AM','Armenia','',135.0,93.0,'Soviet Union'),('AN','Netherlands Antilles','',640.0,92.0,''),('AO','Angola','',141.0,94.0,''),('AQ','Antarctica','',11.0,90.0,''),('AR','Argentina','',150.0,92.0,''),('AS','American Samoa','',60.0,96.0,''),('AT','Austria','7000000.0',165.0,93.0,''),('AU','Australia','2.0E7',160.0,96.0,''),('AW','Aruba','',100.0,91.0,''),('AZ','Azerbaijan','',115.0,93.0,'Soviet Union'),('BA','Bosnia/Herzegovina','',185.0,93.0,'Yugoslavia'),('BB','Barbados','',184.0,92.0,''),('BD','Bangladesh','',182.0,95.0,''),('BE','Belgium','8000000.0',190.0,93.0,''),('BF','Burkina Faso','',927.0,94.0,'Upper Volta'),('BG','Bulgaria','',245.0,93.0,''),('BH','Bahrain','',181.0,95.0,''),('BI','Burundi','',252.0,94.0,''),('BJ','Benin','',311.0,94.0,'Dahomey'),('BM','Bermuda','',195.0,91.0,''),('BN','Brunei','',232.0,96.0,''),('BO','Bolivia','',205.0,92.0,''),('BR','Brazil','',220.0,92.0,''),('BS','Bahamas','',180.0,91.0,''),('BT','Bhutan','',200.0,95.0,''),('BV','Bouvet Island','',212.0,96.0,''),('BW','Botswana','',210.0,94.0,''),('BY','Belarus','',211.0,93.0,'Soviet Union'),('BZ','Belize','',227.0,91.0,'British Honduras'),('CA','Canada','',260.0,91.0,''),('CC','Cocos Islands','',284.0,96.0,''),('CF','Central African Rep.','',269.0,94.0,''),('CG','Congo','',290.0,94.0,''),('CH','Switzerland','7000000.0',855.0,93.0,''),('CI','Ivory Coast','',485.0,94.0,''),('CK','Cook Islands','',293.0,96.0,''),('CL','Chile','',275.0,92.0,''),('CM','Cameroon','',257.0,94.0,''),('CN','China','',280.0,95.0,''),('CO','Colombia','',285.0,92.0,''),('CR','Costa Rica','',295.0,91.0,''),('CU','Cuba','',300.0,91.0,''),('CV','Cape Verde','',264.0,94.0,''),('CX','Christmas Island','',516.0,96.0,''),('CY','Cyprus','',305.0,95.0,''),('CZ','Czech Republic','',310.0,93.0,'Czechslovakia'),('DE','Germany','8.0E7',394.0,93.0,'East/West Germany'),('DJ','Djibouti','',317.0,94.0,'Afars and Issas'),('DK','Denmark','5000000.0',315.0,93.0,''),('DM','Dominica','',318.0,92.0,''),('DO','Dominican Republic','',320.0,91.0,''),('DZ','Algeria','',125.0,94.0,''),('EC','Ecuador','',325.0,92.0,''),('EE','Estonia','3000000.0',331.0,93.0,'Soviet Union'),('EG','Egypt','',922.0,94.0,'United Arab Republic'),('EH','Western Sahara','',831.0,94.0,'Spanish Sahara'),('ER','Eritrea','',327.0,94.0,''),('ES','Spain','3.5E7',830.0,93.0,''),('ET','Ethiopia','',335.0,94.0,''),('FI','Finland','5000000.0',340.0,93.0,''),('FJ','Fiji','',338.0,96.0,''),('FK','Falkland Islands','',337.0,92.0,''),('FM','Micronesia','',63.0,96.0,''),('FO','Faroe Islands','',336.0,93.0,''),('FR','France','5.0E7',350.0,93.0,''),('GA','Gabon','',388.0,94.0,''),('GB','United Kingdom','5.0E7',925.0,93.0,''),('GD','Grenada','',406.0,92.0,''),('GE','Georgia','',390.0,93.0,'Soviet Union'),('GF','French Guiana','',355.0,92.0,''),('GH','Ghana','',396.0,94.0,''),('GI','Gibraltar','',397.0,93.0,''),('GL','Greenland','',405.0,93.0,''),('GM','Gambia','',389.0,94.0,''),('GN','Guinea','',417.0,94.0,''),('GP','Guadeloupe','',407.0,92.0,''),('GQ','Equatorial Guinea','',332.0,94.0,''),('GR','Greece','1.2E7',400.0,93.0,''),('GT','Guatemala','',415.0,91.0,''),('GU','Guam','',66.0,96.0,''),('GW','Guinea-Bissau','',737.0,94.0,'Portuguese Guinea'),('GY','Guyana','',418.0,92.0,''),('HK','Hong Kong','',435.0,95.0,''),('HM','Heard/Mcdonald','',424.0,96.0,''),('HN','Honduras','',430.0,91.0,''),('HR','Croatia','',440.0,93.0,'Yugoslavia'),('HT','Haiti','',420.0,91.0,''),('HU','Hungary','1.0E7',445.0,93.0,''),('ID','Indonesia','',458.0,96.0,''),('IE','Ireland','',470.0,93.0,''),('IL','Israel','5000000.0',475.0,95.0,''),('IN','India','',455.0,95.0,''),('IO','British Indian Ocean','',228.0,95.0,''),('IQ','Iraq','',465.0,95.0,'');
/*!40000 ALTER TABLE `country` ENABLE KEYS */;
UNLOCK TABLES;

--
-- Table structure for table `county`
--

DROP TABLE IF EXISTS `county`;
/*!40101 SET @saved_cs_client     = @@character_set_client */;
/*!40101 SET character_set_client = utf8 */;
CREATE TABLE `county` (
  `county_id` varchar(19) DEFAULT NULL,
  `county_type` varchar(8) DEFAULT NULL,
  `county_name` varchar(22) DEFAULT NULL,
  `province_type` varchar(8) DEFAULT NULL,
  `province_name` varchar(23) DEFAULT NULL,
  `region_name` varchar(26) DEFAULT NULL,
  `region_type` varchar(8) DEFAULT NULL,
  `state_id` varchar(9) DEFAULT NULL,
  `country` varchar(2) DEFAULT NULL
) ENGINE=InnoDB DEFAULT CHARSET=utf8mb4;
/*!40101 SET character_set_client = @saved_cs_client */;

--
-- Dumping data for table `county`
--

LOCK TABLES `county` WRITE;
/*!40000 ALTER TABLE `county` DISABLE KEYS */;
INSERT INTO `county` VALUES ('3.5E7','','','350001.0','N/A','N/A','350002.0','3500000.0','FR'),('3.5000001E7','','','350001.0','Ain','Rhône-Alpes','350002.0','3500000.0','FR'),('3.5000002E7','','','350001.0','Aisne','Picardie','350002.0','3500000.0','FR'),('3.5000003E7','','','350001.0','Allier','Auvergne','350002.0','3500000.0','FR'),('3.5000004E7','','','350001.0','Alpes-de-Haute-Provence','Provence-Alpes-Côte-d\'Azur','350002.0','3500000.0','FR'),('3.5000005E7','','','350001.0','Hautes-Alpes','Provence-Alpes-Côte-d\'Azur','350002.0','3500000.0','FR'),('3.5000006E7','','','350001.0','Alpes-Maritimes','Provence-Alpes-Côte-d\'Azur','350002.0','3500000.0','FR'),('3.5000007E7','','','350001.0','Ardeche','Rhône-Alpes','350002.0','3500000.0','FR'),('3.5000008E7','','','350001.0','Ardennes','Champagne-Ardenne','350002.0','3500000.0','FR'),('3.5000009E7','','','350001.0','Ariege','Midi-Pyrénées','350002.0','3500000.0','FR'),('3.500001E7','','','350001.0','Aube','Champagne-Ardenne','350002.0','3500000.0','FR'),('3.5000011E7','','','350001.0','Aude','Languedoc-Roussillon','350002.0','3500000.0','FR'),('3.5000012E7','','','350001.0','Aveyron','Midi-Pyrénées','350002.0','3500000.0','FR'),('3.5000013E7','','','350001.0','Bouches-du-Rhone','Provence-Alpes-Côte-d\'Azur','350002.0','3500000.0','FR'),('3.5000014E7','','','350001.0','Calvados','Basse-Normandie','350002.0','3500000.0','FR'),('3.5000015E7','','','350001.0','Cantal','Auvergne','350002.0','3500000.0','FR'),('3.5000016E7','','','350001.0','Charente','Poitou-Charentes','350002.0','3500000.0','FR'),('3.5000017E7','','','350001.0','Charente-Maritime','Poitou-Charentes','350002.0','3500000.0','FR'),('3.5000018E7','','','350001.0','Cher','Centre','350002.0','3500000.0','FR'),('3.5000019E7','','','350001.0','Correze','Limousin','350002.0','3500000.0','FR'),('3.5000021E7','','','350001.0','Cote-d\'Or','Bourgogne','350002.0','3500000.0','FR'),('3.5000022E7','','','350001.0','Cotes-d\'Armor','Bretagne','350002.0','3500000.0','FR'),('3.5000023E7','','','350001.0','Creuse','Limousin','350002.0','3500000.0','FR'),('3.5000024E7','','','350001.0','Dordogne','Aquitaine','350002.0','3500000.0','FR'),('3.5000025E7','','','350001.0','Doubs','Franche-Comté','350002.0','3500000.0','FR'),('3.5000026E7','','','350001.0','Drome','Rhône-Alpes','350002.0','3500000.0','FR'),('3.5000027E7','','','350001.0','Eure','Haute-Normandie','350002.0','3500000.0','FR'),('3.5000028E7','','','350001.0','Eure-Et-Loir','Centre','350002.0','3500000.0','FR'),('3.5000029E7','','','350001.0','Finistere','Bretagne','350002.0','3500000.0','FR'),('3.500003E7','','','350001.0','Gard','Languedoc-Roussillon','350002.0','3500000.0','FR'),('3.5000031E7','','','350001.0','Haute-Garonne','Midi-Pyrénées','350002.0','3500000.0','FR'),('3.5000032E7','','','350001.0','Gers','Midi-Pyrénées','350002.0','3500000.0','FR'),('3.5000033E7','','','350001.0','Gironde','Aquitaine','350002.0','3500000.0','FR'),('3.5000034E7','','','350001.0','Herault','Languedoc-Roussillon','350002.0','3500000.0','FR'),('3.5000035E7','','','350001.0','Ille-Et-Vilaine','Bretagne','350002.0','3500000.0','FR'),('3.5000036E7','','','350001.0','Indre','Centre','350002.0','3500000.0','FR'),('3.5000037E7','','','350001.0','Indre-Et-Loire','Centre','350002.0','3500000.0','FR'),('3.5000038E7','','','350001.0','Isere','Rhône-Alpes','350002.0','3500000.0','FR'),('3.5000039E7','','','350001.0','Jura','Franche-Comté','350002.0','3500000.0','FR'),('3.500004E7','','','350001.0','Landes','Aquitaine','350002.0','3500000.0','FR'),('3.5000041E7','','','350001.0','Loir-Et-Cher','Centre','350002.0','3500000.0','FR'),('3.5000042E7','','','350001.0','Loire','Rhône-Alpes','350002.0','3500000.0','FR'),('3.5000043E7','','','350001.0','Haute-Loire','Auvergne','350002.0','3500000.0','FR'),('3.5000044E7','','','350001.0','Loire-Atlantique','Pays-de-la-Loire','350002.0','3500000.0','FR'),('3.5000045E7','','','350001.0','Loiret','Centre','350002.0','3500000.0','FR'),('3.5000046E7','','','350001.0','Lot','Midi-Pyrénées','350002.0','3500000.0','FR'),('3.5000047E7','','','350001.0','Lot-Et-Garonne','Aquitaine','350002.0','3500000.0','FR'),('3.5000048E7','','','350001.0','Lozere','Languedoc-Roussillon','350002.0','3500000.0','FR'),('3.5000049E7','','','350001.0','Maine-Et-Loire','Pays-de-la-Loire','350002.0','3500000.0','FR'),('3.500005E7','','','350001.0','Manche','Basse-Normandie','350002.0','3500000.0','FR'),('3.5000051E7','','','350001.0','Marne','Champagne-Ardenne','350002.0','3500000.0','FR'),('3.5000052E7','','','350001.0','Haute-Marne','Champagne-Ardenne','350002.0','3500000.0','FR'),('3.5000053E7','','','350001.0','Mayenne','Pays-de-la-Loire','350002.0','3500000.0','FR'),('3.5000054E7','','','350001.0','Meurthe-Et-Moselle','Lorraine','350002.0','3500000.0','FR'),('3.5000055E7','','','350001.0','Meuse','Lorraine','350002.0','3500000.0','FR'),('3.5000056E7','','','350001.0','Morbihan','Bretagne','350002.0','3500000.0','FR'),('3.5000057E7','','','350001.0','Moselle','Lorraine','350002.0','3500000.0','FR'),('3.5000058E7','','','350001.0','Nievre','Bourgogne','350002.0','3500000.0','FR'),('3.5000059E7','','','350001.0','Nord','Nord-Pas-de-Calais','350002.0','3500000.0','FR'),('3.500006E7','','','350001.0','Oise','Picardie','350002.0','3500000.0','FR'),('3.5000061E7','','','350001.0','Orne','Basse-Normandie','350002.0','3500000.0','FR'),('3.5000062E7','','','350001.0','Pas-de-Calais','Nord-Pas-de-Calais','350002.0','3500000.0','FR'),('3.5000063E7','','','350001.0','Puy-de-Dome','Auvergne','350002.0','3500000.0','FR'),('3.5000064E7','','','350001.0','Pyrenees-Atlantiques','Aquitaine','350002.0','3500000.0','FR'),('3.5000065E7','','','350001.0','Hautes-Pyrenees','Midi-Pyrénées','350002.0','3500000.0','FR'),('3.5000066E7','','','350001.0','Pyrenees-Orientales','Languedoc-Roussillon','350002.0','3500000.0','FR'),('3.5000067E7','','','350001.0','Bas-Rhin','Alsace','350002.0','3500000.0','FR'),('3.5000068E7','','','350001.0','Haut-Rhin','Alsace','350002.0','3500000.0','FR'),('3.5000069E7','','','350001.0','Rhone','Rhône-Alpes','350002.0','3500000.0','FR'),('3.500007E7','','','350001.0','Haute-Saone','Franche-Comté','350002.0','3500000.0','FR'),('3.5000071E7','','','350001.0','Saone-Et-Loire','Bourgogne','350002.0','3500000.0','FR'),('3.5000072E7','','','350001.0','Sarthe','Pays-de-la-Loire','350002.0','3500000.0','FR'),('3.5000073E7','','','350001.0','Savoie','Rhône-Alpes','350002.0','3500000.0','FR'),('3.5000074E7','','','350001.0','Haute-Savoie','Rhône-Alpes','350002.0','3500000.0','FR'),('3.5000075E7','','','350001.0','Paris','Ile-de-France','350002.0','3500000.0','FR'),('3.5000076E7','','','350001.0','Seine-Maritime','Haute-Normandie','350002.0','3500000.0','FR'),('3.5000077E7','','','350001.0','Seine-Et-Marne','Ile-de-France','350002.0','3500000.0','FR'),('3.5000078E7','','','350001.0','Yvelines','Ile-de-France','350002.0','3500000.0','FR'),('3.5000079E7','','','350001.0','Deux-Sevres','Poitou-Charentes','350002.0','3500000.0','FR'),('3.500008E7','','','350001.0','Somme','Picardie','350002.0','3500000.0','FR'),('3.5000081E7','','','350001.0','Tarn','Midi-Pyrénées','350002.0','3500000.0','FR'),('3.5000082E7','','','350001.0','Tarn-Et-Garonne','Midi-Pyrénées','350002.0','3500000.0','FR'),('3.5000083E7','','','350001.0','Var','Provence-Alpes-Côte-d\'Azur','350002.0','3500000.0','FR'),('3.5000084E7','','','350001.0','Vaucluse','Provence-Alpes-Côte-d\'Azur','350002.0','3500000.0','FR'),('3.5000085E7','','','350001.0','Vendee','Pays-de-la-Loire','350002.0','3500000.0','FR'),('3.5000086E7','','','350001.0','Vienne','Poitou-Charentes','350002.0','3500000.0','FR'),('3.5000087E7','','','350001.0','Haute-Vienne','Limousin','350002.0','3500000.0','FR'),('3.5000088E7','','','350001.0','Vosges','Lorraine','350002.0','3500000.0','FR'),('3.5000089E7','','','350001.0','Yonne','Bourgogne','350002.0','3500000.0','FR'),('3.500009E7','','','350001.0','Territoire-de-Belfort','Franche-Comté','350002.0','3500000.0','FR'),('3.5000091E7','','','350001.0','Essonne','Ile-de-France','350002.0','3500000.0','FR'),('3.5000092E7','','','350001.0','Hauts-de-Seine','Ile-de-France','350002.0','3500000.0','FR'),('3.5000093E7','','','350001.0','Seine-Saint-Denis','Ile-de-France','350002.0','3500000.0','FR'),('3.5000094E7','','','350001.0','Val-de-Marne','Ile-de-France','350002.0','3500000.0','FR'),('3.5000095E7','','','350001.0','Val-d\'Oise','Ile-de-France','350002.0','3500000.0','FR'),('3.5000201E7','','','350001.0','Corse-du-Sud','Corse','350002.0','3500000.0','FR'),('3.5000202E7','','','350001.0','Haute-Corse','Corse','350002.0','3500000.0','FR'),('9.25E7','','','','N/A','','','9250000.0','GB'),('9.2500001E7','','','925001.0','Avon','','','9250001.0','GB'),('9.2500002E7','','','925001.0','Bedfordshire','','','9250001.0','GB');
/*!40000 ALTER TABLE `county` ENABLE KEYS */;
UNLOCK TABLES;

--
-- Table structure for table `customer`
--


--
-- Table structure for table `discount`
--

DROP TABLE IF EXISTS `discount`;
/*!40101 SET @saved_cs_client     = @@character_set_client */;
/*!40101 SET character_set_client = utf8 */;
CREATE TABLE `discount` (
  `product_id` varchar(21) DEFAULT NULL,
  `start_date` bigint(20) DEFAULT NULL,
  `end_date` bigint(20) DEFAULT NULL,
  `unit_sales_price` decimal(5,2) DEFAULT NULL,
  `discount` decimal(2,1) DEFAULT NULL
) ENGINE=InnoDB DEFAULT CHARSET=utf8mb4;
/*!40101 SET character_set_client = @saved_cs_client */;

--
-- Dumping data for table `discount`
--

LOCK TABLES `discount` WRITE;
/*!40000 ALTER TABLE `discount` DISABLE KEYS */;
INSERT INTO `discount` VALUES ('2.10100100027E11',2091631360,388664064,15.99,0.7),('2.10100100027E11',-645707008,1946292992,15.99,0.7),('2.10100100027E11',825521920,-877445376,16.99,0.7),('2.10100100027E11',-1998216448,593783552,17.99,0.7),('2.1010010003E11',1450496768,-252470528,28.99,0.7),('2.1010010003E11',-1286841600,1305158400,29.99,0.7),('2.1010010003E11',184387328,-1518579968,30.99,0.7),('2.1010010003E11',1655616256,-47351040,32.99,0.7),('2.10100100033E11',1450496768,-252470528,139.99,0.7),('2.10100100033E11',-1286841600,1305158400,146.99,0.7),('2.10100100033E11',184387328,-1518579968,153.99,0.7),('2.10100100033E11',1655616256,-47351040,161.99,0.7),('2.10100100034E11',1450496768,-252470528,181.99,0.7),('2.10100100034E11',-1286841600,1305158400,183.99,0.7),('2.10100100034E11',184387328,-1518579968,185.99,0.7),('2.10100100034E11',1655616256,-47351040,187.99,0.7),('2.10100100035E11',2091631360,388664064,149.99,0.7),('2.10100100035E11',-645707008,1946292992,156.99,0.7),('2.10100100035E11',825521920,-877445376,164.99,0.7),('2.10100100035E11',-1998216448,593783552,172.99,0.7),('2.10100100038E11',-1227903232,1364096768,51.99,0.6),('2.10100100038E11',329725696,-1373241600,53.99,0.6),('2.10100100038E11',1800954624,97987328,56.99,0.6),('2.10100100038E11',-1022783744,1569216256,59.99,0.6),('2.10100100039E11',475064064,-252470528,18.99,0.7),('2.10100100039E11',2032692992,1305158400,19.99,0.7),('2.10100100039E11',-791045376,-1518579968,20.99,0.7),('2.10100100039E11',680183552,-47351040,21.99,0.7),('2.1010010004800003E11',1450496768,-252470528,12.99,0.7),('2.1010010004800003E11',-1286841600,1305158400,12.99,0.7),('2.1010010004800003E11',184387328,-1518579968,13.99,0.7),('2.1010010004800003E11',1655616256,-47351040,13.99,0.7),('2.1010010004900003E11',1450496768,-252470528,10.99,0.7),('2.1010010004900003E11',-1286841600,1305158400,10.99,0.7),('2.1010010004900003E11',184387328,-1518579968,10.99,0.7),('2.1010010004900003E11',1655616256,-47351040,10.99,0.7),('2.10200100007E11',-890005120,1701994880,12.99,0.5),('2.10200100007E11',667623808,-1035343488,12.99,0.5),('2.10200100007E11',2138852736,435885440,12.99,0.5),('2.10200100007E11',-684885632,1907114368,12.99,0.5),('2.1020010001E11',-1227903232,1364096768,25.99,0.6),('2.1020010001E11',329725696,-1373241600,25.99,0.6),('2.1020010001E11',1800954624,97987328,26.99,0.6),('2.1020010001E11',-1022783744,1569216256,26.99,0.6),('2.10200100012E11',1450496768,-252470528,12.99,0.7),('2.10200100012E11',-1286841600,1305158400,12.99,0.7),('2.10200100012E11',184387328,-1518579968,13.99,0.7),('2.10200100012E11',1655616256,-47351040,13.99,0.7),('2.10200100014E11',-1227903232,1364096768,20.99,0.6),('2.10200100014E11',329725696,-1373241600,21.99,0.6),('2.10200100014E11',1800954624,97987328,21.99,0.6),('2.10200100014E11',-1022783744,1569216256,21.99,0.6),('2.10200100015E11',1450496768,-252470528,24.99,0.7),('2.10200100015E11',-1286841600,1305158400,25.99,0.7),('2.10200100015E11',184387328,-1518579968,26.99,0.7),('2.10200100015E11',1655616256,-47351040,26.99,0.7),('2.10200100016E11',1450496768,-252470528,21.99,0.7),('2.10200100016E11',-1286841600,1305158400,22.99,0.7),('2.10200100016E11',184387328,-1518579968,22.99,0.7),('2.10200100016E11',1655616256,-47351040,22.99,0.7),('2.10200200001E11',-1227903232,1364096768,9.99,0.6),('2.10200200001E11',329725696,-1373241600,9.99,0.6),('2.10200200001E11',1800954624,97987328,9.99,0.6),('2.10200200001E11',-1022783744,1569216256,10.99,0.6),('2.1020020002000003E11',-1227903232,1364096768,10.99,0.6),('2.1020020002000003E11',329725696,-1373241600,10.99,0.6),('2.1020020002000003E11',1800954624,97987328,10.99,0.6),('2.1020020002000003E11',-1022783744,1569216256,10.99,0.6),('2.1020020002600003E11',-1227903232,1364096768,11.99,0.6),('2.1020020002600003E11',329725696,-1373241600,11.99,0.6),('2.1020020002600003E11',1800954624,97987328,12.99,0.6),('2.1020020002600003E11',-1022783744,1569216256,12.99,0.6),('2.1020020002800003E11',475064064,-1314303232,15.99,0.6),('2.1020020002800003E11',2032692992,243325696,16.99,0.6),('2.1020020002800003E11',-791045376,1714554624,16.99,0.6),('2.1020020002800003E11',680183552,-1109183744,17.99,0.6),('2.1020020003000003E11',1450496768,-252470528,30.99,0.7),('2.1020020003000003E11',-1286841600,1305158400,31.99,0.7),('2.1020020003000003E11',184387328,-1518579968,33.99,0.7),('2.1020020003000003E11',1655616256,-47351040,34.99,0.7),('2.10200300012E11',-1227903232,1364096768,11.99,0.6),('2.10200300012E11',329725696,-1373241600,11.99,0.6),('2.10200300012E11',1800954624,97987328,11.99,0.6),('2.10200300012E11',-1022783744,1569216256,11.99,0.6),('2.10200300013E11',-890005120,1701994880,7.99,0.5),('2.10200300013E11',667623808,-1035343488,7.99,0.5),('2.10200300013E11',2138852736,435885440,7.99,0.5),('2.10200300013E11',-684885632,1907114368,7.99,0.5),('2.10200300025E11',-890005120,1701994880,22.99,0.5),('2.10200300025E11',667623808,-1035343488,22.99,0.5),('2.10200300025E11',2138852736,435885440,22.99,0.5),('2.10200300025E11',-684885632,1907114368,22.99,0.5),('2.10200300032E11',-890005120,1701994880,23.99,0.5),('2.10200300032E11',667623808,-1035343488,23.99,0.5),('2.10200300032E11',2138852736,435885440,23.99,0.5),('2.10200300032E11',-684885632,1907114368,23.99,0.5),('2.10200300046E11',-1227903232,1364096768,35.99,0.6),('2.10200300046E11',329725696,-1373241600,35.99,0.6),('2.10200300046E11',1800954624,97987328,35.99,0.6),('2.10200300046E11',-1022783744,1569216256,36.99,0.6);
/*!40000 ALTER TABLE `discount` ENABLE KEYS */;
UNLOCK TABLES;

--
-- Table structure for table `geo_type`
--

DROP TABLE IF EXISTS `geo_type`;
/*!40101 SET @saved_cs_client     = @@character_set_client */;
/*!40101 SET character_set_client = utf8 */;
CREATE TABLE `geo_type` (
  `geo_type_id` decimal(7,1) DEFAULT NULL,
  `geo_type_name` varchar(18) DEFAULT NULL,
  `country` varchar(2) DEFAULT NULL
) ENGINE=InnoDB DEFAULT CHARSET=utf8mb4;
/*!40101 SET character_set_client = @saved_cs_client */;

--
-- Dumping data for table `geo_type`
--

LOCK TABLES `geo_type` WRITE;
/*!40000 ALTER TABLE `geo_type` DISABLE KEYS */;
INSERT INTO `geo_type` VALUES (160001.0,'Territory','AU'),(190001.0,'Localité','BE'),(190002.0,'Commune','BE'),(190003.0,'Province','BE'),(190004.0,'Region','BE'),(260001.0,'Province','CA'),(315001.0,'Kommune','DK'),(315002.0,'Amt','DK'),(315003.0,'Landsdel','DK'),(350001.0,'Departement','FR'),(350002.0,'Région','FR'),(394001.0,'Kreis','DE'),(394002.0,'Bundesland','DE'),(480001.0,'Provincia Autonoma','IT'),(480002.0,'Regione','IT'),(830001.0,'Municipio','ES'),(830002.0,'Provincia','ES'),(830003.0,'Autonomia','ES'),(925001.0,'County','GB'),(925002.0,'Country','GB'),(926001.0,'County','US'),(926002.0,'State','US');
/*!40000 ALTER TABLE `geo_type` ENABLE KEYS */;
UNLOCK TABLES;

--
-- Table structure for table `order_Item`
--

DROP TABLE IF EXISTS `order_Item`;
/*!40101 SET @saved_cs_client     = @@character_set_client */;
/*!40101 SET character_set_client = utf8 */;
CREATE TABLE `order_Item` (
  `order_id` varchar(13) DEFAULT NULL,
  `order_item_num` decimal(2,1) DEFAULT NULL,
  `product_id` varchar(21) DEFAULT NULL,
  `quantity` decimal(3,1) DEFAULT NULL,
  `total_retail_price` decimal(7,3) DEFAULT NULL,
  `costprice_per_unit` decimal(5,2) DEFAULT NULL,
  `discount` varchar(19) DEFAULT NULL
) ENGINE=InnoDB DEFAULT CHARSET=utf8mb4;
/*!40101 SET character_set_client = @saved_cs_client */;

--
-- Dumping data for table `order_Item`
--

LOCK TABLES `order_Item` WRITE;
/*!40000 ALTER TABLE `order_Item` DISABLE KEYS */;
INSERT INTO `order_Item` VALUES ('1.230000033E9',1.0,'2.20101400065E11',3.0,28.500,4.55,''),('1.230000204E9',1.0,'2.20100100228E11',2.0,113.400,28.45,''),('1.230000204E9',2.0,'2.20101100031E11',2.0,41.000,9.25,''),('1.230000268E9',1.0,'2.40100200004E11',1.0,35.200,14.80,''),('1.230000487E9',1.0,'2.4020010000699997E11',1.0,24.700,11.80,''),('1.230000494E9',1.0,'2.40200100224E11',1.0,136.100,66.10,''),('1.230000689E9',1.0,'2.30100100012E11',2.0,358.600,82.00,''),('1.230000871E9',1.0,'2.30100500068E11',1.0,1.700,0.80,''),('1.230001178E9',1.0,'2.4040020009299997E11',1.0,155.800,64.95,''),('1.230001178E9',2.0,'2.4040020010599997E11',1.0,39.000,15.00,''),('1.230001237E9',1.0,'2.2020010016599997E11',2.0,285.800,71.55,''),('1.230001237E9',2.0,'2.2020010022399997E11',1.0,144.900,72.55,''),('1.230001311E9',1.0,'2.40400100015E11',2.0,186.400,43.20,''),('1.230001311E9',2.0,'2.40400300035E11',1.0,19.100,7.70,''),('1.230001374E9',1.0,'2.10200600055E11',1.0,85.500,36.70,''),('1.23000146E9',1.0,'2.10201000137E11',1.0,28.300,12.65,''),('1.230001472E9',1.0,'2.4050020014900003E11',1.0,267.100,113.60,''),('1.230002011E9',1.0,'2.40100400009E11',1.0,65.500,25.60,''),('1.230002122E9',2.0,'2.10201000028E11',1.0,53.700,24.50,''),('1.230002408E9',1.0,'2.1020020000900003E11',1.0,53.800,22.25,''),('1.230002578E9',1.0,'2.20101400106E11',2.0,92.600,20.70,''),('1.230002604E9',1.0,'2.20100300018E11',2.0,51.200,12.10,''),('1.230002608E9',1.0,'2.20101400326E11',2.0,63.800,14.60,''),('1.230002718E9',1.0,'2.20100200009E11',1.0,51.000,20.40,''),('1.230002851E9',1.0,'2.2010010063299997E11',1.0,47.900,24.05,''),('1.230002886E9',1.0,'2.2010010007699997E11',1.0,31.100,15.65,''),('1.230002886E9',2.0,'2.20100800038E11',1.0,123.700,59.00,''),('1.230002977E9',1.0,'2.20101400366E11',1.0,72.100,36.00,''),('1.230003257E9',1.0,'2.4030010003700003E11',4.0,86.800,9.75,''),('1.230003369E9',1.0,'2.20200100057E11',1.0,125.800,63.00,''),('1.230003549E9',1.0,'2.3010040002099997E11',4.0,78.400,7.90,''),('1.230003607E9',1.0,'2.2020010020799997E11',2.0,187.800,47.05,''),('1.230003607E9',2.0,'2.2020020004299997E11',1.0,36.900,18.30,''),('1.230003642E9',1.0,'2.20200300072E11',3.0,296.100,45.00,''),('1.230003838E9',1.0,'2.30100500018E11',1.0,1.400,0.60,''),('1.230003951E9',1.0,'2.40100100027E11',1.0,23.500,9.45,''),('1.230004074E9',1.0,'2.10201000009E11',1.0,21.700,9.95,''),('1.230004429E9',1.0,'2.401001006E11',1.0,19.500,8.35,''),('1.230004471E9',1.0,'2.40100100135E11',1.0,224.200,92.00,''),('1.230004588E9',1.0,'2.3010070001099997E11',1.0,252.000,103.95,''),('1.230004633E9',1.0,'2.40700300002E11',1.0,21.990,7.25,''),('1.230004721E9',1.0,'2.40500100017E11',1.0,53.500,23.75,''),('1.230004938E9',1.0,'2.40700300002E11',1.0,21.990,7.25,''),('1.230004938E9',2.0,'2.4070040002400003E11',1.0,63.600,33.15,''),('1.230005254E9',2.0,'2.40100100676E11',2.0,86.000,18.50,''),('1.230005745E9',1.0,'2.4010010073E11',1.0,181.500,77.85,''),('1.230005763E9',1.0,'2.30100600028E11',5.0,483.500,48.45,''),('1.230005769E9',1.0,'2.40600100089E11',2.0,44.000,9.10,''),('1.230005843E9',1.0,'2.4010010038299997E11',3.0,96.300,15.35,''),('1.230005843E9',2.0,'2.40100200001E11',1.0,15.900,6.30,''),('1.230005846E9',1.0,'2.4010010027300003E11',3.0,50.700,7.60,''),('1.230005849E9',1.0,'2.40200100047E11',2.0,29.600,7.50,''),('1.230005849E9',2.0,'2.40200200025E11',2.0,35.200,1.75,''),('1.230005865E9',1.0,'2.40100100654E11',2.0,90.400,18.15,''),('1.230005865E9',2.0,'2.40100400136E11',4.0,363.600,45.40,''),('1.230005875E9',1.0,'2.40500200003E11',2.0,46.400,11.10,''),('1.230005882E9',1.0,'2.40100100251E11',2.0,407.800,95.10,''),('1.230005882E9',2.0,'2.40100100252E11',3.0,541.200,87.10,''),('1.230005899E9',1.0,'2.20100800096E11',3.0,211.800,33.65,''),('1.230005899E9',2.0,'2.2010090001E11',2.0,184.200,36.90,''),('1.230005954E9',1.0,'2.4070040003100003E11',1.0,54.000,27.10,''),('1.230005958E9',1.0,'2.30100200011E11',2.0,331.000,76.50,''),('1.230005962E9',1.0,'2.2010080003E11',5.0,233.500,22.25,''),('1.230005983E9',1.0,'2.2010010012E11',2.0,66.000,16.60,''),('1.230005983E9',2.0,'2.20100100218E11',2.0,73.400,18.45,''),('1.230006015E9',1.0,'2.20100100233E11',2.0,167.000,41.85,''),('1.230006015E9',2.0,'2.20100800042E11',2.0,43.000,10.20,''),('1.230006025E9',1.0,'2.4010010037899997E11',2.0,3.000,0.70,''),('1.230006028E9',2.0,'2.40100400067E11',4.0,527.200,62.70,''),('1.23000605E9',1.0,'2.40500100041E11',3.0,348.300,46.50,''),('1.230006068E9',1.0,'2.40100100584E11',2.0,97.200,20.20,''),('1.230006099E9',2.0,'2.4010010027300003E11',3.0,50.700,7.60,''),('1.230006099E9',3.0,'2.40100100594E11',2.0,24.200,5.10,''),('1.230006109E9',1.0,'2.1020040007E11',2.0,83.200,20.90,''),('1.230006109E9',2.0,'2.10201000133E11',2.0,24.000,3.80,''),('1.230006111E9',1.0,'2.40100200003E11',1.0,32.400,13.65,''),('1.230006126E9',1.0,'2.30100200074E11',2.0,95.600,23.35,''),('1.230006126E9',2.0,'2.30100500091E11',2.0,382.000,80.45,''),('1.230006133E9',1.0,'2.4010040007E11',2.0,351.800,127.95,''),('1.230006139E9',1.0,'2.40200100234E11',5.0,247.500,24.20,''),('1.230006154E9',1.0,'2.10200500004E11',2.0,193.800,40.65,''),('1.230006173E9',1.0,'2.20100100153E11',2.0,100.000,25.10,''),('1.230006179E9',1.0,'2.30100200025E11',2.0,500.200,113.65,''),('1.230006193E9',1.0,'2.40100100155E11',2.0,66.600,14.85,''),('1.230006193E9',2.0,'2.40100400022E11',2.0,374.600,87.35,''),('1.230006229E9',1.0,'2.20100100265E11',2.0,89.400,22.45,''),('1.230006235E9',1.0,'2.2010010056499997E11',2.0,78.000,19.60,''),('1.23000625E9',1.0,'2.20100100203E11',5.0,425.000,42.60,''),('1.23000625E9',2.0,'2.20101400067E11',3.0,35.700,5.40,''),('1.230006299E9',1.0,'2.40300200009E11',5.0,243.500,18.15,''),('1.230006299E9',2.0,'2.40300300066E11',2.0,380.600,82.80,''),('1.230006311E9',1.0,'2.2020010009600003E11',2.0,146.400,36.70,''),('1.230006324E9',1.0,'2.40100400009E11',1.0,65.500,25.60,''),('1.230006324E9',2.0,'2.40100400048E11',2.0,585.400,144.65,''),('1.230006341E9',1.0,'2.2010140003699997E11',1.0,59.500,27.10,''),('1.230006358E9',1.0,'2.30100100015E11',2.0,213.800,45.50,''),('1.230006361E9',2.0,'2.20200300082E11',1.0,71.000,32.30,''),('1.230006398E9',1.0,'2.2020020002099997E11',1.0,64.000,37.85,''),('1.230006425E9',1.0,'2.30100300011E11',1.0,49.300,19.80,''),('1.230006427E9',1.0,'2.20200300098E11',1.0,133.300,60.65,'');
/*!40000 ALTER TABLE `order_Item` ENABLE KEYS */;
UNLOCK TABLES;

--
-- Table structure for table `orders`
--

DROP TABLE IF EXISTS `orders`;
/*!40101 SET @saved_cs_client     = @@character_set_client */;
/*!40101 SET character_set_client = utf8 */;
CREATE TABLE `orders` (
  `order_id` varchar(13) DEFAULT NULL,
  `order_type` decimal(2,1) DEFAULT NULL,
  `employee_id` varchar(11) DEFAULT NULL,
  `customer_id` decimal(6,1) DEFAULT NULL,
  `order_date` bigint(20) DEFAULT NULL,
  `delivery_date` bigint(20) DEFAULT NULL
) ENGINE=InnoDB DEFAULT CHARSET=utf8mb4;
/*!40101 SET character_set_client = @saved_cs_client */;

--
-- Dumping data for table `orders`
--

LOCK TABLES `orders` WRITE;
/*!40000 ALTER TABLE `orders` DISABLE KEYS */;
INSERT INTO `orders` VALUES ('1.230000033E9',3.0,'9.9999999E7',8818.0,-1154062976,-635662976),('1.230000204E9',3.0,'9.9999999E7',47793.0,-1154062976,-894862976),('1.230000268E9',3.0,'9.9999999E7',71727.0,-1154062976,-981262976),('1.230000487E9',3.0,'9.9999999E7',74503.0,-1154062976,-894862976),('1.230000494E9',3.0,'9.9999999E7',8610.0,-1154062976,-635662976),('1.230000689E9',3.0,'9.9999999E7',19278.0,-1154062976,-808462976),('1.230000871E9',3.0,'9.9999999E7',28861.0,-1154062976,-894862976),('1.230001178E9',3.0,'9.9999999E7',57972.0,-1154062976,-894862976),('1.230001237E9',3.0,'9.9999999E7',62492.0,-1154062976,-722062976),('1.230001311E9',3.0,'9.9999999E7',78913.0,-1154062976,-722062976),('1.230001374E9',3.0,'9.9999999E7',11129.0,-1154062976,-808462976),('1.23000146E9',3.0,'9.9999999E7',25928.0,-1154062976,-981262976),('1.230001472E9',3.0,'9.9999999E7',32447.0,-1154062976,-1067662976),('1.230002011E9',3.0,'9.9999999E7',9065.0,-1154062976,-894862976),('1.230002122E9',3.0,'9.9999999E7',40402.0,-1154062976,-635662976),('1.230002408E9',3.0,'9.9999999E7',85735.0,-1154062976,-635662976),('1.230002578E9',3.0,'9.9999999E7',579.0,-1154062976,-635662976),('1.230002604E9',3.0,'9.9999999E7',6308.0,-1154062976,-808462976),('1.230002608E9',3.0,'9.9999999E7',6983.0,-1154062976,-808462976),('1.230002718E9',3.0,'9.9999999E7',24483.0,-1154062976,-808462976),('1.230002851E9',3.0,'9.9999999E7',43796.0,-1154062976,-722062976),('1.230002886E9',3.0,'9.9999999E7',46215.0,-1154062976,-894862976),('1.230002977E9',3.0,'9.9999999E7',61850.0,-1154062976,-808462976),('1.230003257E9',3.0,'9.9999999E7',75008.0,-1154062976,-981262976),('1.230003369E9',3.0,'9.9999999E7',85411.0,-1154062976,-894862976),('1.230003549E9',3.0,'9.9999999E7',30662.0,-1154062976,-203662976),('1.230003607E9',3.0,'9.9999999E7',54673.0,-1154062976,-894862976),('1.230003642E9',3.0,'9.9999999E7',73204.0,-1154062976,-635662976),('1.230003838E9',3.0,'9.9999999E7',53584.0,-1154062976,-981262976),('1.230003951E9',3.0,'9.9999999E7',3979.0,-1154062976,-635662976),('1.230004074E9',3.0,'9.9999999E7',7574.0,-1154062976,-808462976),('1.230004429E9',3.0,'9.9999999E7',18397.0,-1154062976,-635662976),('1.230004471E9',3.0,'9.9999999E7',18979.0,-1154062976,-981262976),('1.230004588E9',3.0,'9.9999999E7',23489.0,-1154062976,-894862976),('1.230004633E9',3.0,'9.9999999E7',27030.0,-1154062976,-981262976),('1.230004721E9',3.0,'9.9999999E7',31238.0,-1154062976,-635662976),('1.230004938E9',3.0,'9.9999999E7',40425.0,-1154062976,-894862976),('1.230005254E9',3.0,'9.9999999E7',54351.0,-1154062976,-1067662976),('1.230005745E9',3.0,'9.9999999E7',65463.0,-1154062976,-1067662976),('1.230005763E9',1.0,'120151.0',1905.0,-1067662976,-1067662976),('1.230005769E9',1.0,'120170.0',2351.0,-1067662976,-1067662976),('1.230005843E9',1.0,'120122.0',11274.0,-1067662976,-1067662976),('1.230005846E9',1.0,'120123.0',11791.0,-1067662976,-1067662976),('1.230005849E9',1.0,'120132.0',12409.0,-1067662976,-1067662976),('1.230005865E9',2.0,'9.9999999E7',15330.0,-1067662976,-981262976),('1.230005875E9',1.0,'120166.0',19792.0,-1067662976,-1067662976),('1.230005882E9',3.0,'9.9999999E7',22407.0,-1067662976,-808462976),('1.230005899E9',1.0,'120127.0',23808.0,-1067662976,-1067662976),('1.230005954E9',1.0,'120177.0',31282.0,-1067662976,-1067662976),('1.230005958E9',1.0,'120145.0',33976.0,-1067662976,-1067662976),('1.230005962E9',2.0,'9.9999999E7',39099.0,-1067662976,-722062976),('1.230005983E9',1.0,'120127.0',43450.0,-1067662976,-1067662976),('1.230006015E9',1.0,'120127.0',48434.0,-1067662976,-1067662976),('1.230006025E9',1.0,'120121.0',49196.0,-1067662976,-1067662976),('1.230006028E9',2.0,'9.9999999E7',50322.0,-1067662976,-635662976),('1.23000605E9',1.0,'120164.0',54672.0,-1067662976,-1067662976),('1.230006068E9',1.0,'120123.0',64398.0,-1067662976,-1067662976),('1.230006099E9',1.0,'120121.0',71149.0,-1067662976,-1067662976),('1.230006109E9',1.0,'120125.0',71485.0,-1067662976,-1067662976),('1.230006111E9',2.0,'9.9999999E7',72805.0,-1067662976,-722062976),('1.230006126E9',1.0,'120145.0',74813.0,-1067662976,-1067662976),('1.230006133E9',3.0,'9.9999999E7',74814.0,-1067662976,-549262976),('1.230006139E9',1.0,'120134.0',74886.0,-1067662976,-894862976),('1.230006154E9',2.0,'9.9999999E7',75294.0,-1067662976,-808462976),('1.230006173E9',3.0,'9.9999999E7',76948.0,-1067662976,-549262976),('1.230006179E9',1.0,'120148.0',78477.0,-1067662976,-1067662976),('1.230006193E9',1.0,'120121.0',83947.0,-1067662976,-1067662976),('1.230006229E9',2.0,'9.9999999E7',87322.0,-1067662976,-981262976),('1.230006235E9',1.0,'120129.0',87701.0,-1067662976,-1067662976),('1.23000625E9',2.0,'9.9999999E7',88346.0,-1067662976,-894862976),('1.230006299E9',1.0,'120453.0',517.0,-1067662976,-1067662976),('1.230006311E9',1.0,'120458.0',1574.0,-1067662976,-1067662976),('1.230006324E9',1.0,'120435.0',1870.0,-1067662976,-1067662976),('1.230006341E9',1.0,'120446.0',2296.0,-1067662976,-635662976),('1.230006358E9',1.0,'120464.0',3964.0,-1067662976,-1067662976),('1.230006361E9',1.0,'120454.0',4006.0,-1067662976,-1067662976),('1.230006398E9',1.0,'120458.0',7309.0,-1067662976,-635662976),('1.230006425E9',1.0,'120461.0',8765.0,-1067662976,-1067662976),('1.230006427E9',1.0,'120457.0',9361.0,-1067662976,-1067662976),('1.230006445E9',3.0,'9.9999999E7',10028.0,-1067662976,-808462976),('1.23000648E9',1.0,'120438.0',11294.0,-1067662976,-1067662976),('1.230006485E9',1.0,'120477.0',13415.0,-1067662976,-1067662976),('1.230006501E9',3.0,'9.9999999E7',15493.0,-1067662976,-808462976),('1.230006514E9',1.0,'120459.0',16301.0,-1067662976,-1067662976),('1.230006531E9',1.0,'120464.0',16802.0,-1067662976,-1067662976),('1.230006542E9',1.0,'120455.0',18077.0,-1067662976,-1067662976),('1.230006561E9',1.0,'120478.0',18802.0,-1067662976,-1067662976),('1.2300066E9',1.0,'120507.0',19121.0,-1067662976,-1067662976),('1.230006604E9',1.0,'120459.0',19437.0,-1067662976,-1067662976),('1.230006609E9',2.0,'9.9999999E7',20110.0,-1067662976,-808462976),('1.230006615E9',1.0,'120507.0',21083.0,-1067662976,-1067662976),('1.230006672E9',1.0,'120478.0',25625.0,-1067662976,-1067662976),('1.230006679E9',1.0,'120506.0',26742.0,-1067662976,-1067662976),('1.230006694E9',1.0,'120460.0',27836.0,-1067662976,-1067662976),('1.2300067E9',2.0,'9.9999999E7',28186.0,-1067662976,-635662976),('1.230006707E9',2.0,'9.9999999E7',28821.0,-1067662976,-635662976),('1.230006715E9',1.0,'120435.0',29469.0,-1067662976,-1067662976),('1.230006741E9',1.0,'120494.0',30921.0,-1067662976,-1067662976),('1.230006778E9',1.0,'120454.0',33410.0,-1067662976,-1067662976),('1.230006897E9',1.0,'120458.0',40639.0,-1067662976,-1067662976);
/*!40000 ALTER TABLE `orders` ENABLE KEYS */;
UNLOCK TABLES;

--
-- Table structure for table `org_level`
--

DROP TABLE IF EXISTS `org_level`;
/*!40101 SET @saved_cs_client     = @@character_set_client */;
/*!40101 SET character_set_client = utf8 */;
CREATE TABLE `org_level` (
  `org_level` decimal(2,1) DEFAULT NULL,
  `org_level_name` varchar(10) DEFAULT NULL
) ENGINE=InnoDB DEFAULT CHARSET=utf8mb4;
/*!40101 SET character_set_client = @saved_cs_client */;

--
-- Dumping data for table `org_level`
--

LOCK TABLES `org_level` WRITE;
/*!40000 ALTER TABLE `org_level` DISABLE KEYS */;
INSERT INTO `org_level` VALUES (1.0,'Employee'),(2.0,'Group'),(3.0,'Section'),(4.0,'Department'),(5.0,'Company');
/*!40000 ALTER TABLE `org_level` ENABLE KEYS */;
UNLOCK TABLES;

--
-- Table structure for table `organization`
--

DROP TABLE IF EXISTS `organization`;
/*!40101 SET @saved_cs_client     = @@character_set_client */;
/*!40101 SET character_set_client = utf8 */;
CREATE TABLE `organization` (
  `employee_id` varchar(20) DEFAULT NULL,
  `org_name` varchar(33) DEFAULT NULL,
  `country` varchar(2) DEFAULT NULL,
  `org_level` decimal(2,1) DEFAULT NULL,
  `start_date` bigint(20) DEFAULT NULL,
  `end_date` bigint(20) DEFAULT NULL,
  `org_ref_id` varchar(20) DEFAULT NULL
) ENGINE=InnoDB DEFAULT CHARSET=utf8mb4;
/*!40101 SET character_set_client = @saved_cs_client */;

--
-- Dumping data for table `organization`
--

LOCK TABLES `organization` WRITE;
/*!40000 ALTER TABLE `organization` DISABLE KEYS */;
INSERT INTO `organization` VALUES ('120101.0','Patrick Lu','AU',1.0,-1227903232,-859664000,'1.1010101000000002E7'),('120102.0','Tom Zhou','AU',1.0,1093495552,-859664000,'1.1010101000000002E7'),('120103.0','Wilson Dawes','AU',1.0,-3600000,-859664000,'1.1010101000000002E7'),('120104.0','Kareen Billington','AU',1.0,1877867904,-859664000,'1.2010101E7'),('120105.0','Liz Povey','AU',1.0,415282944,-859664000,'1.2010101E7'),('120106.0','John Hornsey','AU',1.0,-3600000,-859664000,'1.2010101E7'),('120107.0','Sherie Sheedy','AU',1.0,-1620167296,-859664000,'1.2010102E7'),('120108.0','Gladys Gromek','AU',1.0,1655616256,-859664000,'1.2010201E7'),('120109.0','Gabriele Baker','AU',1.0,-1663918336,-859664000,'1.2010201E7'),('120110.0','Dennis Entwisle','AU',1.0,-655193728,-859664000,'1.2010201E7'),('120111.0','Ubaldo Spillane','AU',1.0,492196224,-859664000,'1.2010301000000002E7'),('120112.0','Ellis Glattback','AU',1.0,861757184,-859664000,'1.2010301000000002E7'),('120113.0','Riu Horsey','AU',1.0,-3600000,-859664000,'1.2010301000000002E7'),('120114.0','Jeannette Buddery','AU',1.0,-3600000,-859664000,'1.2010301000000002E7'),('120115.0','Hugh Nichollas','AU',1.0,184387328,-859664000,'1.2010401E7'),('120116.0','Austen Ralston','AU',1.0,-1296328320,-859664000,'1.2010401E7'),('120117.0','Bill Mccleary','AU',1.0,-87056640,-859664000,'1.2020101E7'),('120118.0','Darshi Hartshorn','AU',1.0,537918208,-859664000,'1.2020101E7'),('120119.0','Lal Elleman','AU',1.0,1464555904,-859664000,'1.2020102E7'),('120120.0','Krishna Peiris','AU',1.0,-3600000,-859664000,'1.2020102E7'),('120121.0','Irenie Elvish','AU',1.0,-3600000,-859664000,'1.203011E7'),('120122.0','Christina Ngan','AU',1.0,131279232,-859664000,'1.203011E7'),('120123.0','Kimiko Hotstone','AU',1.0,1371612544,1643056512,'1.203011E7'),('120124.0','Lucian Daymond','AU',1.0,-348357248,-859664000,'1.203011E7'),('120125.0','Fong Hofmeister','AU',1.0,-348357248,-1373241600,'1.2030114E7'),('120126.0','Satyakam Denny','AU',1.0,1655616256,-859664000,'1.2030114E7'),('120127.0','Sharryn Clarkson','AU',1.0,1960352128,-859664000,'1.2030104E7'),('120128.0','Monica Kletschkus','AU',1.0,1018081664,-859664000,'1.2030104E7'),('120129.0','Alvin Roebuck','AU',1.0,1371612544,-586768640,'1.2030104E7'),('120130.0','Kevin Lyon','AU',1.0,-1998216448,-859664000,'1.2030104E7'),('120131.0','Marinus Surawski','AU',1.0,317165952,-859664000,'1.2030102E7'),('120132.0','Fancine Kaiser','AU',1.0,-509855360,-859664000,'1.2030102E7'),('120133.0','Petrea Soltau','AU',1.0,-1663918336,-859664000,'1.2030102E7'),('120134.0','Sian Shannan','AU',1.0,-3600000,-1109183744,'1.2030102E7'),('120135.0','Alexei Platts','AU',1.0,2105690496,-732107008,'1.2030107000000002E7'),('120136.0','Atul Leyden','AU',1.0,-1299401344,-859664000,'1.2030107000000002E7'),('120137.0','Marina Iyengar','AU',1.0,1324918144,-859664000,'1.2030106E7'),('120138.0','Shani Duckett','AU',1.0,-1022783744,-859664000,'1.2030106E7'),('120139.0','Fang Wilson','AU',1.0,39048960,-859664000,'1.2030106E7'),('120140.0','Michael Minas','AU',1.0,-1663918336,-859664000,'1.2030109E7'),('120141.0','Amanda Liebman','AU',1.0,-1998216448,-859664000,'1.2030109E7'),('120142.0','Vincent Eastley','AU',1.0,-1022783744,-859664000,'1.2030109E7'),('120143.0','Phu Sloey','AU',1.0,1162893056,-859664000,'1.2030109E7'),('120144.0','Viney Barbis','AU',1.0,-1663918336,-859664000,'1.2030109E7'),('120145.0','Sandy Aisbitt','AU',1.0,-582852864,-859664000,'1.2030109E7'),('120146.0','Wendall Cederlund','AU',1.0,1539969792,1073420032,'1.2030109E7'),('120147.0','Skev Rusli','AU',1.0,-1663918336,-859664000,'1.2030109E7'),('120148.0','Michael Zubak','AU',1.0,1834246528,-859664000,'1.2030109E7'),('120149.0','Judy Chantharasy','AU',1.0,-1683021440,-859664000,'1.2030109E7'),('120150.0','John Filo','AU',1.0,187460352,-732107008,'1.2030109E7'),('120151.0','Julianna Phaiyakounh','AU',1.0,-3600000,-859664000,'1.2030109E7'),('120152.0','Sean Dives','AU',1.0,-1766478080,-859664000,'1.2030108E7'),('120153.0','Samantha Waal','AU',1.0,1464555904,-1180681856,'1.2030108E7'),('120154.0','Caterina Hayawardhana','AU',1.0,-3600000,-859664000,'1.2030108E7'),('120155.0','Narelle James','AU',1.0,-295249152,-859664000,'1.2030108E7'),('120156.0','Gerry Snellings','AU',1.0,1324918144,-859664000,'1.2030108E7'),('120157.0','Leonid Karavdic','AU',1.0,-684885632,-859664000,'1.2030108E7'),('120158.0','Daniel Pilgrim','AU',1.0,656637696,-1518579968,'1.2030108E7'),('120159.0','Lynelle Phoumirath','AU',1.0,-814591232,-859664000,'1.2030108E7'),('120160.0','Chuck Segrave','AU',1.0,2108763520,-859664000,'1.2030108E7'),('120161.0','Rosette Martines','AU',1.0,-1663918336,-859664000,'1.2030111000000002E7'),('120162.0','Randal Scordia','AU',1.0,-1094281856,-859664000,'1.2030111000000002E7'),('120163.0','Brett Magrath','AU',1.0,-416912000,-859664000,'1.2030111000000002E7'),('120164.0','Ranj Stamalis','AU',1.0,1732529536,-859664000,'1.2030111000000002E7'),('120165.0','Tadashi Pretorius','AU',1.0,1324918144,-859664000,'1.2030111000000002E7'),('120166.0','Fadi Nowd','AU',1.0,-3600000,-47351040,'1.2030111000000002E7'),('120167.0','Kimiko Tilley','AU',1.0,-1620167296,-378049152,'1.2030111000000002E7'),('120168.0','Selina Barcoe','AU',1.0,1018081664,-859664000,'1.2030101E7'),('120169.0','Cos Tannous','AU',1.0,-1998216448,-859664000,'1.2030101E7'),('120170.0','Alban Kingston','AU',1.0,-1041886848,931681664,'1.2030101E7'),('120171.0','Alena Moody','AU',1.0,39048960,-859664000,'1.2030101E7'),('120172.0','Edwin Comber','AU',1.0,-3600000,-859664000,'1.2030101E7'),('120173.0','Hernani Osborn','AU',1.0,363017600,-1373241600,'1.2030101E7'),('120174.0','Doungkamol Simms','AU',1.0,-3600000,-625947264,'1.2030101E7'),('120175.0','Andrew Conolly','AU',1.0,-1663918336,-859664000,'1.2030101E7'),('120176.0','Koavea Pa)','AU',1.0,1018081664,-859664000,'1.2030105E7'),('120177.0','Franca Kierce','AU',1.0,-152011392,-859664000,'1.2030105E7'),('120178.0','Billy Plested','AU',1.0,-817534592,-859664000,'1.2030105E7'),('120179.0','Matsuoka Wills','AU',1.0,1788394880,1305158400,'1.2030105E7'),('120180.0','Vino George','AU',1.0,465577344,-859664000,'1.2030105E7'),('120181.0','Lorian Cantatore','AU',1.0,-684885632,1089579776,'1.2030112E7'),('120182.0','Geok-Seng Barreto','AU',1.0,-684885632,1907114368,'1.2030112E7'),('120183.0','Brig Blanton','AU',1.0,-684885632,1907114368,'1.2030112E7'),('120184.0','Ari Moore','AU',1.0,-684885632,-613387520,'1.2030112E7'),('120185.0','Sharon Bahlman','AU',1.0,-684885632,290547072,'1.2030112E7'),('120186.0','Merryn Quinby','AU',1.0,-684885632,362045184,'1.2030112E7'),('120187.0','Reyne Catenacci','AU',1.0,-684885632,2065012480,'1.2030112E7'),('120188.0','Shanmuganathan Baran','AU',1.0,-684885632,1907114368,'1.2030112E7'),('120189.0','Mihailo Lachlan','AU',1.0,-684885632,1089579776,'1.2030112E7'),('120190.0','Ivor Czernezkyi','AU',1.0,-1924376192,739121920,'1.2030113E7'),('120191.0','Jannene Graham-Rowe','AU',1.0,317165952,-1314303232,'1.2030113E7'),('120192.0','Anthony Nichollas','AU',1.0,-791045376,2052452736,'1.2030113E7'),('120193.0','Russell Streit','AU',1.0,-1432179968,1238518144,'1.2030113E7'),('120194.0','Reece Harwood','AU',1.0,1729456512,97987328,'1.2030113E7'),('120195.0','Jina Fiocca','AU',1.0,-1022783744,1907114368,'1.2030113E7'),('120196.0','Merle Hieds','AU',1.0,317165952,-1314303232,'1.2030113E7'),('120197.0','Kerrin Dillin','AU',1.0,317165952,-1314303232,'1.2030113E7'),('120198.0','Meera Body','AU',1.0,-684885632,-859664000,'1.2030103E7'),('120199.0','Sandra Van Dorst','BE',1.0,317165952,-859664000,'1.3010101E7'),('120200.0','Eddy Alvaro','BE',1.0,317165952,-859664000,'1.3010101E7');
/*!40000 ALTER TABLE `organization` ENABLE KEYS */;
UNLOCK TABLES;

--
-- Table structure for table `postal_code`
--

DROP TABLE IF EXISTS `postal_code`;
/*!40101 SET @saved_cs_client     = @@character_set_client */;
/*!40101 SET character_set_client = utf8 */;
CREATE TABLE `postal_code` (
  `postal_code_id` varchar(13) DEFAULT NULL,
  `postal_code` varchar(10) DEFAULT NULL,
  `city_name` varchar(26) DEFAULT NULL,
  `city_id` varchar(13) DEFAULT NULL
) ENGINE=InnoDB DEFAULT CHARSET=utf8mb4;
/*!40101 SET character_set_client = @saved_cs_client */;

--
-- Dumping data for table `postal_code`
--

LOCK TABLES `postal_code` WRITE;
/*!40000 ALTER TABLE `postal_code` DISABLE KEYS */;
INSERT INTO `postal_code` VALUES ('3.500010001E9','00455','Armees','3.500000014E9'),('3.500010002E9','00460','Armees','3.500000014E9'),('3.500010003E9','01014','Bourg En Bresse','3.500000051E9'),('3.500010004E9','02430','Gauchy','3.500000142E9'),('3.500010005E9','03600','Commentry','3.5000001E9'),('3.500010006E9','06251','Mougins','3.500000237E9'),('3.500010007E9','06500','Menton','3.500000216E9'),('3.500010008E9','06516','Carros','3.500000065E9'),('3.500010009E9','06560','Sophia Antipolis','3.50000033E9'),('3.50001001E9','06560','Valbonne','3.50000036E9'),('3.500010011E9','06560','Valbonne Sophia Antipo','3.500000361E9'),('3.500010012E9','06561','Sophia Antipolis','3.50000033E9'),('3.500010013E9','06561','Valbonne','3.50000036E9'),('3.500010014E9','06565','Valbonne','3.50000036E9'),('3.500010015E9','06600','Antibes','3.50000001E9'),('3.500010016E9','06808','Cagnes Sur Mer','3.500000058E9'),('3.500010017E9','06902','Saphia Ant Pois','3.500000319E9'),('3.500010018E9','06902','Sophia Antipolis','3.50000033E9'),('3.500010019E9','06903','Sophia Antipolis','3.50000033E9'),('3.50001002E9','06904','Sophia Antipolis','3.50000033E9'),('3.500010021E9','06906','Sophia Antipolis','3.50000033E9'),('3.500010022E9','07104','Annonay','3.500000009E9'),('3.500010023E9','08000','Charleville-Mezieres','3.500000082E9'),('3.500010024E9','08502','Revin','3.500000287E9'),('3.500010025E9','10000','Troyes','3.500000358E9'),('3.500010026E9','10010','Troyes','3.500000358E9'),('3.500010027E9','10031','Troyes','3.500000358E9'),('3.500010028E9','11000','Carcassonne','3.500000063E9'),('3.500010029E9','12025','Rodez','3.500000289E9'),('3.50001003E9','12510','Olemps','3.500000257E9'),('3.500010031E9','13001','Marseille','3.500000208E9'),('3.500010032E9','13002','Marseille','3.500000208E9'),('3.500010033E9','13007','Marseille','3.500000208E9'),('3.500010034E9','13008','Marseille','3.500000208E9'),('3.500010035E9','13009','Marseille','3.500000208E9'),('3.500010036E9','13020','Marseille','3.500000208E9'),('3.500010037E9','13100','Aix En Provence','3.500000002E9'),('3.500010038E9','13108','St Paul Lez Durance','3.50000034E9'),('3.500010039E9','13242','Marseille','3.500000208E9'),('3.50001004E9','13257','Marseille','3.500000208E9'),('3.500010041E9','13266','Marseille','3.500000208E9'),('3.500010042E9','13288','Marseille','3.500000208E9'),('3.500010043E9','13347','Marseille','3.500000208E9'),('3.500010044E9','13348','Marseille','3.500000208E9'),('3.500010045E9','13354','Marseille','3.500000208E9'),('3.500010046E9','13453','Marseille','3.500000208E9'),('3.500010047E9','13510','Eguilles','3.500000123E9'),('3.500010048E9','13567','Marseille','3.500000208E9'),('3.500010049E9','13611','Aix En Provence','3.500000002E9'),('3.50001005E9','13616','Aix En Provence','3.500000002E9'),('3.500010051E9','13685','Aubagne','3.500000018E9'),('3.500010052E9','13725','Marignane','3.500000204E9'),('3.500010053E9','13742','Vitrolles','3.500000387E9'),('3.500010054E9','13791','Aix En Provence','3.500000002E9'),('3.500010055E9','13856','Aix En Provence','3.500000002E9'),('3.500010056E9','15002','Aurillac','3.500000021E9'),('3.500010057E9','16020','Angouleme','3.500000007E9'),('3.500010058E9','16021','Angouleme','3.500000007E9'),('3.500010059E9','16911','Angouleme','3.500000007E9'),('3.50001006E9','16920','Angouleme','3.500000007E9'),('3.500010061E9','17140','Lagord','3.500000164E9'),('3.500010062E9','18031','Bourges','3.500000053E9'),('3.500010063E9','18110','Vasselay','3.500000367E9'),('3.500010064E9','21000','Dijon','3.500000116E9'),('3.500010065E9','21017','Dijon','3.500000116E9'),('3.500010066E9','21034','Dijon','3.500000116E9'),('3.500010067E9','21036','Dijon','3.500000116E9'),('3.500010068E9','21065','Dijon','3.500000116E9'),('3.500010069E9','21121','Fontaine Les Dijon','3.500000135E9'),('3.50001007E9','21121','Fontaine Lesdijon','3.500000136E9'),('3.500010071E9','21410','Gergueil','3.500000145E9'),('3.500010072E9','22096','Saint Brieuc','3.500000301E9'),('3.500010073E9','22300','Lannion','3.500000165E9'),('3.500010074E9','22304','Lannion','3.500000165E9'),('3.500010075E9','22307','Lannion','3.500000165E9'),('3.500010076E9','24011','Perigueux','3.500000273E9'),('3.500010077E9','25084','Besancon','3.500000037E9'),('3.500010078E9','25216','Montbeliard','3.500000229E9'),('3.500010079E9','26014','Valence','3.500000362E9'),('3.50001008E9','26023','Valence','3.500000362E9'),('3.500010081E9','26027','Valence','3.500000362E9'),('3.500010082E9','27000','Evreux','3.50000013E9'),('3.500010083E9','27001','Evreux','3.50000013E9'),('3.500010084E9','27026','Evreux','3.50000013E9'),('3.500010085E9','27038','Evreux','3.50000013E9'),('3.500010086E9','27091','Evreux','3.50000013E9'),('3.500010087E9','28011','Chartres','3.500000083E9'),('3.500010088E9','28023','Chartres','3.500000083E9'),('3.500010089E9','28032','Chartres','3.500000083E9'),('3.50001009E9','28035','Chartres','3.500000083E9'),('3.500010091E9','28037','Chartres','3.500000083E9'),('3.500010092E9','28104','Dreux','3.500000118E9'),('3.500010093E9','28580','St Remy Sur Avre','3.500000343E9'),('3.500010094E9','28931','Chartres','3.500000083E9'),('3.500010095E9','28932','Chartres','3.500000083E9'),('3.500010096E9','29001','Brest','3.500000054E9'),('3.500010097E9','29193','Quimper','3.500000284E9'),('3.500010098E9','29231','Quimper','3.500000284E9'),('3.500010099E9','29285','Brest','3.500000054E9'),('3.5000101E9','29555','Quimper','3.500000284E9');
/*!40000 ALTER TABLE `postal_code` ENABLE KEYS */;
UNLOCK TABLES;

--
-- Table structure for table `price_list`
--

DROP TABLE IF EXISTS `price_list`;
/*!40101 SET @saved_cs_client     = @@character_set_client */;
/*!40101 SET character_set_client = utf8 */;
CREATE TABLE `price_list` (
  `product_id` varchar(21) DEFAULT NULL,
  `start_date` bigint(20) DEFAULT NULL,
  `end_date` bigint(20) DEFAULT NULL,
  `unit_cost_price` decimal(5,2) DEFAULT NULL,
  `unit_sales_price` decimal(7,3) DEFAULT NULL,
  `factor` decimal(3,2) DEFAULT NULL
) ENGINE=InnoDB DEFAULT CHARSET=utf8mb4;
/*!40101 SET character_set_client = @saved_cs_client */;

--
-- Dumping data for table `price_list`
--

LOCK TABLES `price_list` WRITE;
/*!40000 ALTER TABLE `price_list` DISABLE KEYS */;
INSERT INTO `price_list` VALUES ('2.10100100001E11',-1154062976,-859664000,31.00,67.800,1.00),('2.10100100002E11',-1154062976,2131565952,55.15,128.100,1.04),('2.10100100002E11',-2077001344,1208627584,56.80,131.900,1.03),('2.10100100002E11',1295027584,285689216,57.90,134.500,1.02),('2.10100100002E11',372089216,-637249152,58.45,135.800,1.01),('2.10100100002E11',-550849152,-859664000,58.45,135.800,1.00),('2.10100100003E11',-1154062976,-859664000,31.10,69.900,1.00),('2.10100100004E11',-1154062976,-859664000,27.85,60.900,1.00),('2.10100100005E11',-1154062976,-859664000,16.15,38.600,1.00),('2.10100100006E11',-1154062976,-859664000,18.35,40.500,1.00),('2.10100100007E11',-1154062976,-859664000,36.15,77.600,1.00),('2.10100100008E11',-1154062976,-859664000,30.80,61.900,1.00),('2.10100100009E11',-1154062976,-859664000,32.10,70.400,1.00),('2.1010010001E11',-1154062976,-859664000,54.80,123.000,1.00),('2.10100100011E11',-1154062976,1440365952,4.85,11.800,1.05),('2.10100100011E11',1526765952,-173772416,5.00,12.200,1.04),('2.10100100011E11',-87372416,-1787910784,5.15,12.500,1.03),('2.10100100011E11',-1701510784,892918144,5.20,12.600,1.01),('2.10100100011E11',979318144,-859664000,5.20,12.600,1.00),('2.10100100012E11',-1154062976,-859664000,28.70,64.500,1.00),('2.10100100013E11',-1154062976,-859664000,33.65,67.100,1.00),('2.10100100014E11',-1154062976,-859664000,21.60,47.700,1.00),('2.10100100015E11',-1154062976,-859664000,24.35,48.500,1.00),('2.10100100016E11',-1154062976,-859664000,20.90,41.600,1.00),('2.10100100017E11',-1154062976,-859664000,25.05,49.900,1.00),('2.10100100018E11',-1154062976,-859664000,10.55,24.100,1.00),('2.10100100019E11',-1154062976,-859664000,37.30,83.500,1.00),('2.1010010002E11',-1154062976,-859664000,17.00,38.200,1.00),('2.10100100021E11',-1154062976,-859664000,32.20,61.300,1.00),('2.10100100022E11',-1154062976,-859664000,22.55,44.900,1.00),('2.10100100023E11',-1154062976,1069733248,15.75,37.600,1.04),('2.10100100023E11',1156133248,-918637824,16.20,38.700,1.03),('2.10100100023E11',-832237824,1391558400,16.65,39.800,1.03),('2.10100100023E11',1477958400,-593212672,17.10,40.900,1.03),('2.10100100023E11',-506812672,1716983552,17.25,41.300,1.01),('2.10100100023E11',1803383552,-859664000,17.25,41.300,1.00),('2.10100100024E11',-1154062976,1267565952,4.80,12.300,1.02),('2.10100100024E11',1353965952,-519372416,4.85,12.500,1.02),('2.10100100024E11',-432972416,1988656512,4.85,12.600,1.01),('2.10100100024E11',2075056512,201718144,4.85,12.600,1.00),('2.10100100024E11',288118144,-859664000,4.85,12.600,1.00),('2.10100100025E11',-1154062976,-859664000,18.50,40.900,1.00),('2.10100100026E11',-1154062976,1440365952,4.30,11.500,1.05),('2.10100100026E11',1526765952,-173772416,4.45,11.900,1.04),('2.10100100026E11',-87372416,-1787910784,4.55,12.200,1.03),('2.10100100026E11',-1701510784,892918144,4.60,12.400,1.02),('2.10100100026E11',979318144,-859664000,4.60,12.500,1.01),('2.10100100027E11',-1154062976,-546834048,8.60,21.600,1.03),('2.10100100027E11',-460434048,146794880,8.75,22.000,1.02),('2.10100100027E11',233194880,840423808,8.80,22.200,1.01),('2.10100100027E11',926823808,1534052736,8.80,22.200,1.00),('2.10100100027E11',1620452736,-2067285632,8.80,22.200,1.00),('2.10100100027E11',-1980885632,-859664000,8.80,22.200,1.00),('2.10100100028E11',-1154062976,-859664000,11.40,26.000,1.00),('2.10100100029E11',-1154062976,1181165952,10.35,24.500,1.03),('2.10100100029E11',1267565952,-692172416,10.55,24.900,1.02),('2.10100100029E11',-605772416,1729456512,10.75,25.300,1.02),('2.10100100029E11',1815856512,-143881856,10.85,25.500,1.01),('2.10100100029E11',-57481856,-859664000,10.85,25.500,1.00),('2.1010010003E11',-1154062976,1872365952,16.80,40.100,1.02),('2.1010010003E11',1958765952,690227584,17.10,40.900,1.02),('2.1010010003E11',776627584,-491910784,17.40,41.700,1.02),('2.1010010003E11',-405510784,-1674049152,17.55,42.100,1.01),('2.1010010003E11',-1587649152,-859664000,17.55,42.100,1.00),('2.10100100031E11',-1154062976,-859664000,15.55,34.900,1.00),('2.10100100032E11',-1154062976,1069733248,53.05,116.300,1.04),('2.10100100032E11',1156133248,-918637824,55.15,120.900,1.04),('2.10100100032E11',-832237824,1391558400,57.35,125.700,1.04),('2.10100100032E11',1477958400,-593212672,59.05,129.400,1.03),('2.10100100032E11',-506812672,1716983552,59.60,130.600,1.01),('2.10100100032E11',1803383552,-859664000,59.60,130.600,1.00),('2.10100100033E11',-1154062976,-1583634048,96.85,197.200,1.04),('2.10100100033E11',-1497234048,-1926805120,100.70,205.000,1.04),('2.10100100033E11',-1840405120,2021391104,103.70,211.100,1.03),('2.10100100033E11',2107791104,1678220032,105.75,215.300,1.02),('2.10100100033E11',1764620032,1335048960,105.75,215.300,1.00),('2.10100100033E11',1421448960,-859664000,105.75,215.300,1.00),('2.10100100034E11',-1154062976,-892434048,122.85,269.800,1.05),('2.10100100034E11',-806034048,-544405120,128.95,283.200,1.05),('2.10100100034E11',-458005120,-196376192,135.35,297.300,1.05),('2.10100100034E11',-109976192,151652736,139.40,306.200,1.03),('2.10100100034E11',238052736,496081664,140.75,309.200,1.01),('2.10100100034E11',582481664,-859664000,140.75,309.200,1.00),('2.10100100035E11',-1154062976,1328933248,96.50,211.300,1.04),('2.10100100035E11',1415333248,-400237824,100.35,219.700,1.04),('2.10100100035E11',-313837824,-2125808896,103.35,226.200,1.03),('2.10100100035E11',-2039408896,443587328,106.45,232.900,1.03),('2.10100100035E11',529987328,-1281983744,107.50,235.200,1.01),('2.10100100035E11',-1195583744,-859664000,107.50,235.200,1.00),('2.10100100036E11',-1154062976,1242533248,11.10,24.500,1.03),('2.10100100036E11',1328933248,-573037824,11.40,25.200,1.03),('2.10100100036E11',-486637824,1909958400,11.70,25.900,1.03),('2.10100100036E11',1996358400,97987328,11.90,26.400,1.02),('2.10100100036E11',184387328,-1713983744,12.00,26.600,1.01),('2.10100100036E11',-1627583744,-859664000,12.00,26.600,1.00),('2.10100100037E11',-1154062976,-1324434048,13.25,29.200,1.05),('2.10100100037E11',-1238034048,-1408405120,13.90,30.600,1.05),('2.10100100037E11',-1322005120,-1492376192,14.45,31.800,1.04),('2.10100100037E11',-1405976192,-1579947264,14.70,32.400,1.02),('2.10100100037E11',-1493547264,-1663918336,14.80,32.700,1.01);
/*!40000 ALTER TABLE `price_list` ENABLE KEYS */;
UNLOCK TABLES;

--
-- Table structure for table `product_level`
--

DROP TABLE IF EXISTS `product_level`;
/*!40101 SET @saved_cs_client     = @@character_set_client */;
/*!40101 SET character_set_client = utf8 */;
CREATE TABLE `product_level` (
  `product_level` decimal(2,1) DEFAULT NULL,
  `product_level_name` varchar(16) DEFAULT NULL
) ENGINE=InnoDB DEFAULT CHARSET=utf8mb4;
/*!40101 SET character_set_client = @saved_cs_client */;

--
-- Dumping data for table `product_level`
--

LOCK TABLES `product_level` WRITE;
/*!40000 ALTER TABLE `product_level` DISABLE KEYS */;
INSERT INTO `product_level` VALUES (1.0,'Product'),(2.0,'Product Group'),(3.0,'Product Category'),(4.0,'Product Line');
/*!40000 ALTER TABLE `product_level` ENABLE KEYS */;
UNLOCK TABLES;

--
-- Table structure for table `product_list`
--

DROP TABLE IF EXISTS `product_list`;
/*!40101 SET @saved_cs_client     = @@character_set_client */;
/*!40101 SET character_set_client = utf8 */;
CREATE TABLE `product_list` (
  `product_id` varchar(21) DEFAULT NULL,
  `product_name` varchar(45) DEFAULT NULL,
  `supplier_id` varchar(7) DEFAULT NULL,
  `product_level` decimal(2,1) DEFAULT NULL,
  `product_ref_id` varchar(21) DEFAULT NULL
) ENGINE=InnoDB DEFAULT CHARSET=utf8mb4;
/*!40101 SET character_set_client = @saved_cs_client */;

--
-- Dumping data for table `product_list`
--

LOCK TABLES `product_list` WRITE;
/*!40000 ALTER TABLE `product_list` DISABLE KEYS */;
INSERT INTO `product_list` VALUES ('2.1E11','Children','',4.0,''),('2.101E11','Children Outdoors','',3.0,'2.1E11'),('2.101001E11','Outdoor things, Kids','',2.0,'2.101E11'),('2.10100100001E11','Boy\'s and Girl\'s Ski Pants with Braces','50.0',1.0,'2.101001E11'),('2.10100100002E11','Children\'s Jacket','4742.0',1.0,'2.101001E11'),('2.10100100003E11','Children\'s Jacket Sidney','50.0',1.0,'2.101001E11'),('2.10100100004E11','Children\'s Rain Set','50.0',1.0,'2.101001E11'),('2.10100100005E11','Children\'s Rain Suit','50.0',1.0,'2.101001E11'),('2.10100100006E11','Rain Suit for Children','50.0',1.0,'2.101001E11'),('2.10100100007E11','Rain Suit','772.0',1.0,'2.101001E11'),('2.10100100008E11','Rain Suit Tonado','50.0',1.0,'2.101001E11'),('2.10100100009E11','Ski Jacket Oliver','50.0',1.0,'2.101001E11'),('2.1010010001E11','Ski Jacket w/Removable Fleece','50.0',1.0,'2.101001E11'),('2.10100100011E11','Tiny Mouse Children\'s Mitten','6355.0',1.0,'2.101001E11'),('2.10100100012E11','4ce Ace Children\'s Jacket','50.0',1.0,'2.101001E11'),('2.10100100013E11','4ce Expedition Down Jacket','50.0',1.0,'2.101001E11'),('2.10100100014E11','4ce Filip Children\'s Rainwear','50.0',1.0,'2.101001E11'),('2.10100100015E11','4ce Grover Snow Jacket','50.0',1.0,'2.101001E11'),('2.10100100016E11','4ce Jaguar Snow Pants','50.0',1.0,'2.101001E11'),('2.10100100017E11','4ce Tiger Ski Jacket with Hood','50.0',1.0,'2.101001E11'),('2.10100100018E11','Amarone Children\'s Shorts','50.0',1.0,'2.101001E11'),('2.10100100019E11','Blondie Girl\'s Ski Jacket','50.0',1.0,'2.101001E11'),('2.1010010002E11','Dean Creek Children\'s Vest','50.0',1.0,'2.101001E11'),('2.10100100021E11','Down Children\'s Down Jacket','109.0',1.0,'2.101001E11'),('2.10100100022E11','Down Children\'s Vest','109.0',1.0,'2.101001E11'),('2.10100100023E11','Massif Freeride Jr.Gtx Gloves','13199.0',1.0,'2.101001E11'),('2.10100100024E11','Massif Penquin Polyester Socks','13199.0',1.0,'2.101001E11'),('2.10100100025E11','Monster Children\'s Pants with Zipper','50.0',1.0,'2.101001E11'),('2.10100100026E11','Montana Children\'s Gloves','6355.0',1.0,'2.101001E11'),('2.10100100027E11','Montana Children\'s mitten','6355.0',1.0,'2.101001E11'),('2.10100100028E11','Ranger Children\'s T-Shirt','50.0',1.0,'2.101001E11'),('2.10100100029E11','Scania Children\'s Gloves','6355.0',1.0,'2.101001E11'),('2.1010010003E11','Scania Goretex Junior Gloves','6355.0',1.0,'2.101001E11'),('2.10100100031E11','Tasmania Children\'s Shirt','50.0',1.0,'2.101001E11'),('2.10100100032E11','Tony\'s Nuptse Jacket','15218.0',1.0,'2.101001E11'),('2.10100100033E11','Top Children\'s R&D Down Jacket','14648.0',1.0,'2.101001E11'),('2.10100100034E11','Top Children\'s R&D Jacket, Long','14648.0',1.0,'2.101001E11'),('2.10100100035E11','Top Children\'s R&D Pants','14648.0',1.0,'2.101001E11'),('2.10100100036E11','Top Children\'s Ski Pullover','14648.0',1.0,'2.101001E11'),('2.10100100037E11','Top Junior Fleece Hat, Polyester','14648.0',1.0,'2.101001E11'),('2.10100100038E11','Top Junior T-Neck Fleece','14648.0',1.0,'2.101001E11'),('2.10100100039E11','Twain Flash 100 Jr. Ski Gloves','13198.0',1.0,'2.101001E11'),('2.1010010004E11','11m Rain Jacket','772.0',1.0,'2.101001E11'),('2.10100100041E11','11m Rain Pants','772.0',1.0,'2.101001E11'),('2.1010010004200003E11','3 K Children\'s Shoes','2963.0',1.0,'2.101001E11'),('2.1010010004300003E11','3top Children\'s Shoes','2963.0',1.0,'2.101001E11'),('2.1010010004400003E11','3top Infant Baby Shoes','2963.0',1.0,'2.101001E11'),('2.1010010004500003E11','4goal 2 Trx Junior Football Boots','2963.0',1.0,'2.101001E11'),('2.1010010004600003E11','4goal Trx J Football Boots','2963.0',1.0,'2.101001E11'),('2.1010010004700003E11','Ana Mini Panty','4742.0',1.0,'2.101001E11'),('2.1010010004800003E11','Ana Shorts','4742.0',1.0,'2.101001E11'),('2.1010010004900003E11','Ana Top','4742.0',1.0,'2.101001E11'),('2.1010010005000003E11','Ancnw Children\'s Shoes','2963.0',1.0,'2.101001E11'),('2.102E11','Children Sports','',3.0,'2.1E11'),('2.102001E11','A-Team, Kids','',2.0,'2.102E11'),('2.10200100001E11','A-team Children\'s Shorts w/Pockets','3298.0',1.0,'2.102001E11'),('2.10200100002E11','A-team Children\'s Sweat Pants','3298.0',1.0,'2.102001E11'),('2.10200100003E11','A-team Children\'s Sweat R.Neck Big Logo','3298.0',1.0,'2.102001E11'),('2.10200100004E11','A-team Children\'s Sweat w/Hood,Big Logo','3298.0',1.0,'2.102001E11'),('2.10200100005E11','A-team Children\'s T-Shirt','3298.0',1.0,'2.102001E11'),('2.10200100006E11','A-team Children\'s T-Shirt w/Big Logo','3298.0',1.0,'2.102001E11'),('2.10200100007E11','A-team Shiny Children\'s Pants','3298.0',1.0,'2.102001E11'),('2.10200100008E11','Fleece Children\'s Fleece w/Hood','3298.0',1.0,'2.102001E11'),('2.10200100009E11','Kids Sweat Round Neck,Large Logo','3298.0',1.0,'2.102001E11'),('2.1020010001E11','Kids Sweat with Hood, Large Logo','3298.0',1.0,'2.102001E11'),('2.10200100011E11','Ottis Children\'s Legend Suit','3298.0',1.0,'2.102001E11'),('2.10200100012E11','Ottis Children\'s Pants Bl','2963.0',1.0,'2.102001E11'),('2.10200100013E11','Pants Shiny Children\'s Pants','3298.0',1.0,'2.102001E11'),('2.10200100014E11','SweatPants Children\'s Sweat Pants Long','3298.0',1.0,'2.102001E11'),('2.10200100015E11','SweatPants Children\'s Sweat Pants','3298.0',1.0,'2.102001E11'),('2.10200100016E11','SweatPants  Children\'s Sweat Pants with Small','3298.0',1.0,'2.102001E11'),('2.10200100017E11','Sweatshirt Children\'s O-Neck','3298.0',1.0,'2.102001E11'),('2.10200100018E11','Sweatshirt Children\'s Sweat w/Zipper Varsity','3298.0',1.0,'2.102001E11'),('2.10200100019E11','Sweatshirt Children\'s Sweatshirt, O-Neck','3298.0',1.0,'2.102001E11'),('2.102002E11','Bathing Suits, Kids','',2.0,'2.102E11'),('2.10200200001E11','Gamma Swimming Trunks','16292.0',1.0,'2.102002E11'),('2.10200200002E11','Legsuit Girl\'s Swim Suit','16292.0',1.0,'2.102002E11'),('2.10200200003E11','Rash Vest Sun Protection','16292.0',1.0,'2.102002E11'),('2.10200200004E11','Short Boy\'s Swimming Trunks','16292.0',1.0,'2.102002E11'),('2.10200200005E11','Swim Suit Jr.','6153.0',1.0,'2.102002E11'),('2.1020020000600003E11','Swimming Trunks Domo','4742.0',1.0,'2.102002E11'),('2.1020020000700003E11','Swimming Trunks Jr.','6153.0',1.0,'2.102002E11'),('2.1020020000800003E11','Clear Boy\'s Short Sun Protection','16292.0',1.0,'2.102002E11'),('2.1020020000900003E11','Fashion Scuba Suit Sun Protection, Girl','16292.0',1.0,'2.102002E11'),('2.1020020001000003E11','Fastlane Swim Suit','16292.0',1.0,'2.102002E11'),('2.1020020001100003E11','Sunfit Arabella Jr. Girl\'s Swim Suit','6153.0',1.0,'2.102002E11'),('2.1020020001200003E11','Sunfit Brosman Swimming Trunks','6153.0',1.0,'2.102002E11'),('2.1020020001300003E11','Sunfit Brosman Swimming Trunks Jr.','6153.0',1.0,'2.102002E11'),('2.1020020001400003E11','Sunfit Doonyl Swim Suit','6153.0',1.0,'2.102002E11'),('2.1020020001500003E11','Sunfit Madrochka Swim Suit','6153.0',1.0,'2.102002E11'),('2.1020020001600003E11','Sunfit Malika Swim Suit Jr.','6153.0',1.0,'2.102002E11'),('2.1020020001700003E11','Sunfit Maximum Swim Suit Jr.','6153.0',1.0,'2.102002E11'),('2.1020020001800003E11','Sunfit Moreau Swim Suit Jr.','6153.0',1.0,'2.102002E11'),('2.1020020001900003E11','Sunfit Pants Scotish Jr.','6153.0',1.0,'2.102002E11'),('2.1020020002000003E11','Sunfit Pants Slang Jr.','6153.0',1.0,'2.102002E11'),('2.1020020002100003E11','Sunfit Sebas Swimming Trunks','6153.0',1.0,'2.102002E11'),('2.1020020002200003E11','Sunfit Slow Swimming Trunks','6153.0',1.0,'2.102002E11'),('2.1020020002300003E11','Sunfit Stockton Swimming Trunks Jr.','6153.0',1.0,'2.102002E11'),('2.1020020002400003E11','Sunfit Swim Suit Magia Jr.','6153.0',1.0,'2.102002E11'),('2.1020020002500003E11','Sunfit Team Stretch Children\'s Swim Suit','6153.0',1.0,'2.102002E11');
/*!40000 ALTER TABLE `product_list` ENABLE KEYS */;
UNLOCK TABLES;

--
-- Table structure for table `state`
--

DROP TABLE IF EXISTS `state`;
/*!40101 SET @saved_cs_client     = @@character_set_client */;
/*!40101 SET character_set_client = utf8 */;
CREATE TABLE `state` (
  `state_id` decimal(8,1) DEFAULT NULL,
  `state_type` varchar(8) DEFAULT NULL,
  `state_code` varchar(2) DEFAULT NULL,
  `state_name` varchar(20) DEFAULT NULL,
  `country` varchar(2) DEFAULT NULL
) ENGINE=InnoDB DEFAULT CHARSET=utf8mb4;
/*!40101 SET character_set_client = @saved_cs_client */;

--
-- Dumping data for table `state`
--

LOCK TABLES `state` WRITE;
/*!40000 ALTER TABLE `state` DISABLE KEYS */;
INSERT INTO `state` VALUES (1400000.0,'','','N/A','AD'),(1600000.0,'','','N/A','AU'),(1650000.0,'','','N/A','AT'),(1850000.0,'','','N/A','BA'),(1900000.0,'','','N/A','BE'),(2200000.0,'','','N/A','BR'),(2450000.0,'','','N/A','BG'),(2600000.0,'','','N/A','CA'),(2800000.0,'','','N/A','CN'),(3100000.0,'','','N/A','CZ'),(3110000.0,'','','N/A','BJ'),(3150000.0,'','','N/A','DK'),(3310000.0,'','','N/A','EE'),(3400000.0,'','','N/A','FI'),(3500000.0,'','','N/A','FR'),(3940000.0,'','','N/A','DE'),(4000000.0,'','','N/A','GR'),(4400000.0,'','','N/A','HR'),(4450000.0,'','','N/A','HU'),(4700000.0,'','','N/A','IE'),(4750000.0,'','','N/A','IL'),(4800000.0,'','','N/A','IT'),(4850000.0,'','','N/A','CI'),(5410000.0,'','','N/A','LV'),(5420000.0,'','','N/A','LT'),(5480000.0,'','','N/A','SK'),(5700000.0,'','','N/A','LU'),(5740000.0,'','','N/A','MK'),(6100000.0,'','','N/A','MA'),(6150000.0,'','','N/A','MZ'),(6300000.0,'','','N/A','NL'),(6600000.0,'','','N/A','NZ'),(6700000.0,'','','N/A','NG'),(6850000.0,'','','N/A','NO'),(7300000.0,'','','N/A','PL'),(7350000.0,'','','N/A','PT'),(7850000.0,'','','N/A','SA'),(7870000.0,'','','N/A','SN'),(7890000.0,'','','N/A','SI'),(7950000.0,'','','N/A','SG'),(8010000.0,'','','N/A','ZA'),(8250000.0,'','','N/A','RU'),(8300000.0,'','','N/A','ES'),(8500000.0,'','','N/A','SE'),(8550000.0,'','','N/A','CH'),(8880000.0,'','','N/A','AE'),(8900000.0,'','','N/A','TN'),(9050000.0,'','','N/A','TR'),(9250000.0,'','','N/A','GB'),(9250001.0,'925002.0','E','England','GB'),(9250002.0,'925002.0','N','Northern Ireland','GB'),(9250003.0,'925002.0','S','Scotland','GB'),(9250004.0,'925002.0','W','Wales','GB'),(9260000.0,'','','N/A','US'),(9260001.0,'926002.0','AL','Alabama','US'),(9260002.0,'926002.0','AK','Alaska','US'),(9260004.0,'926002.0','AZ','Arizona','US'),(9260005.0,'926002.0','AR','Arkansas','US'),(9260006.0,'926002.0','CA','California','US'),(9260008.0,'926002.0','CO','Colorado','US'),(9260009.0,'926002.0','CT','Connecticut','US'),(9260010.0,'926002.0','DE','Delaware','US'),(9260011.0,'926002.0','DC','District of Columbia','US'),(9260012.0,'926002.0','FL','Florida','US'),(9260013.0,'926002.0','GA','Georgia','US'),(9260015.0,'926002.0','HI','Hawaii','US'),(9260016.0,'926002.0','ID','Idaho','US'),(9260017.0,'926002.0','IL','Illinois','US'),(9260018.0,'926002.0','IN','Indiana','US'),(9260019.0,'926002.0','IA','Iowa','US'),(9260020.0,'926002.0','KS','Kansas','US'),(9260021.0,'926002.0','KY','Kentucky','US'),(9260022.0,'926002.0','LA','Louisiana','US'),(9260023.0,'926002.0','ME','Maine','US'),(9260024.0,'926002.0','MD','Maryland','US'),(9260025.0,'926002.0','MA','Massachusetts','US'),(9260026.0,'926002.0','MI','Michigan','US'),(9260027.0,'926002.0','MN','Minnesota','US'),(9260028.0,'926002.0','MS','Mississippi','US'),(9260029.0,'926002.0','MO','Missouri','US'),(9260030.0,'926002.0','MT','Montana','US'),(9260031.0,'926002.0','NE','Nebraska','US'),(9260032.0,'926002.0','NV','Nevada','US'),(9260033.0,'926002.0','NH','New Hampshire','US'),(9260034.0,'926002.0','NJ','New Jersey','US'),(9260035.0,'926002.0','NM','New Mexico','US'),(9260036.0,'926002.0','NY','New York','US'),(9260037.0,'926002.0','NC','North Carolina','US'),(9260038.0,'926002.0','ND','North Dakota','US'),(9260039.0,'926002.0','OH','Ohio','US'),(9260040.0,'926002.0','OK','Oklahoma','US'),(9260041.0,'926002.0','OR','Oregon','US'),(9260042.0,'926002.0','PA','Pennsylvania','US'),(9260044.0,'926002.0','RI','Rhode Island','US'),(9260045.0,'926002.0','SC','South Carolina','US'),(9260046.0,'926002.0','SD','South Dakota','US'),(9260047.0,'926002.0','TN','Tennessee','US'),(9260048.0,'926002.0','TX','Texas','US'),(9260049.0,'926002.0','UT','Utah','US'),(9260050.0,'926002.0','VT','Vermont','US');
/*!40000 ALTER TABLE `state` ENABLE KEYS */;
UNLOCK TABLES;

--
-- Table structure for table `street_code`
--

DROP TABLE IF EXISTS `street_code`;
/*!40101 SET @saved_cs_client     = @@character_set_client */;
/*!40101 SET character_set_client = utf8 */;
CREATE TABLE `street_code` (
  `street_id` varchar(19) DEFAULT NULL,
  `country` varchar(2) DEFAULT NULL,
  `street_name` varchar(30) DEFAULT NULL,
  `city_id` varchar(19) DEFAULT NULL,
  `postal_code` varchar(10) DEFAULT NULL,
  `from_street_num` decimal(6,1) DEFAULT NULL,
  `to_street_num` decimal(6,1) DEFAULT NULL,
  `city_name` varchar(19) DEFAULT NULL,
  `count` varchar(5) DEFAULT NULL,
  `county_id` varchar(19) DEFAULT NULL,
  `postal_code_id` varchar(13) DEFAULT NULL
) ENGINE=InnoDB DEFAULT CHARSET=utf8mb4;
/*!40101 SET character_set_client = @saved_cs_client */;

--
-- Dumping data for table `street_code`
--

LOCK TABLES `street_code` WRITE;
/*!40000 ALTER TABLE `street_code` DISABLE KEYS */;
INSERT INTO `street_code` VALUES ('1.400100001E9','AD','Av. Meritxell','1.400000001E9','60001',1.0,79.0,'Andorra la Vella','1.0','',''),('1.400100002E9','AD','Av. Diagonal','1.400000001E9','60001',1.0,79.0,'Andorra la Vella','1.0','',''),('1.400100003E9','AD','Av. Columbus','1.400000001E9','60001',1.0,79.0,'Andorra la Vella','1.0','',''),('1.600100004E9','AU','Arthur St','1.600000004E9','3066',1.0,146.0,'Abbotsford','','',''),('1.600100005E9','AU','Browns Road','1.600000004E9','3062',1.0,180.0,'Abbotsford','','',''),('1.600100006E9','AU','Epping Road','1.600000004E9','3026',1.0,167.0,'Abbotsford','','',''),('1.600100007E9','AU','Martin Place','1.600000004E9','3067',1.0,57.0,'Abbotsford','','',''),('1.600100008E9','AU','Zig Zag Lane','1.600000004E9','3067',1.0,82.0,'Abbotsford','','',''),('1.600100009E9','AU','Collins Street','1.600000005E9','5159',1.0,341.0,'Aberfoyle Park','','',''),('1.60010001E9','AU','George Street','1.600000006E9','4108',1.0,258.0,'Acacia Ridge','','',''),('1.600100011E9','AU','Sultan Street Ellerslie','1.600000006E9','4110',1.0,15.0,'Acacia Ridge','','',''),('1.600100012E9','AU','Industry Road Penrose','1.600000007E9','4115',1.0,23.0,'Acacia Ridge Dc','','',''),('1.600100013E9','AU','Ormond Esplanade','1.600000007E9','4110',1.0,94.0,'Acacia Ridge Dc','','',''),('1.600100014E9','AU','Browns Road','1.600000008E9','4110',1.0,180.0,'Acicia Ridge','','',''),('1.600100016E9','AU','Talavera Rd','1.60000001E9','5112',1.0,56.0,'Adelaide','','',''),('1.600100017E9','AU','Bathurst St','1.60000001E9','5007',1.0,131.0,'Adelaide','','',''),('1.600100018E9','AU','Bellevue Street','1.60000001E9','5000',1.0,28.0,'Adelaide','','',''),('1.600100019E9','AU','Brockman Street','1.60000001E9','1045',1.0,16.0,'Adelaide','','',''),('1.60010002E9','AU','Frankston-Dandenong Road','1.60000001E9','5065',1.0,148.0,'Adelaide','','',''),('1.600100022E9','AU','Mews Road','1.60000001E9','5006',1.0,21.0,'Adelaide','','',''),('1.600100023E9','AU','Queen St','1.60000001E9','5039',1.0,290.0,'Adelaide','','',''),('1.600100024E9','AU','Queensbridge St','1.60000001E9','5800',1.0,58.0,'Adelaide','','',''),('1.600100025E9','AU','Reynolds St','1.60000001E9','5950',1.0,106.0,'Adelaide','','',''),('1.600100026E9','AU','Southarm Highway','1.60000001E9','5005',1.0,29.0,'Adelaide','','',''),('1.600100027E9','AU','St Kilda Rd','1.60000001E9','5081',1.0,500.0,'Adelaide','','',''),('1.600100028E9','AU','Victoria Road','1.60000001E9','5021',1.0,342.0,'Adelaide','','',''),('1.600100029E9','AU','Wiri Station Road Manukau','1.60000001E9','5001',1.0,109.0,'Adelaide','','',''),('1.60010003E9','AU','Winston Street','1.600000011E9','5000',1.0,18.0,'Adelaide Bc','','',''),('1.600100031E9','AU','Centreway','1.600000012E9','5067',1.0,48.0,'Adeliade','','',''),('1.600100032E9','AU','Pacific Hwy','1.600000012E9','5039',1.0,412.0,'Adeliade','','',''),('1.600100033E9','AU','Western Avenue','1.600000012E9','5000',1.0,19.0,'Adeliade','','',''),('1.600100034E9','AU','Kato Street','1.600000013E9','2602',1.0,20.0,'Ainslie','','',''),('1.600100035E9','AU','Chifley Drive','1.600000014E9','4180',1.0,36.0,'Aitkenville','','',''),('1.600100036E9','AU','Cornwall Ave','1.600000015E9','7216',1.0,27.0,'Akaroa','','',''),('1.600100037E9','AU','Holbeche Road','1.600000016E9','6331',1.0,26.0,'Albany','','',''),('1.600100038E9','AU','King Street cc 340','1.600000016E9','6330',1.0,162.0,'Albany','','',''),('1.600100039E9','AU','Port Road','1.600000016E9','6051',1.0,45.0,'Albany','','',''),('1.60010004E9','AU','Anzac Parade','1.600000017E9','5014',1.0,105.0,'Albert Park','','',''),('1.600100041E9','AU','Murray Street','1.600000017E9','5014',1.0,82.0,'Albert Park','','',''),('1.600100042E9','AU','Queensberry St','1.600000017E9','3206',1.0,268.0,'Albert Park','','',''),('1.600100043E9','AU','Edward Street','1.600000018E9','4002',1.0,356.0,'Albert Street','','',''),('1.600100044E9','AU','Kimpton Place','1.600000018E9','4000',1.0,21.0,'Albert Street','','',''),('1.600100045E9','AU','Lysterfield Road','1.600000019E9','4162',1.0,26.0,'Albion','','',''),('1.600100046E9','AU','Pacific Highway','1.600000019E9','4010',1.0,806.0,'Albion','','',''),('1.600100047E9','AU','Hume Road','1.60000002E9','2527',1.0,21.0,'Albion Park','','',''),('1.600100048E9','AU','Gardeners Road','1.600000021E9','264',1.0,358.0,'Albury','','',''),('1.600100049E9','AU','Mort Street','1.600000021E9','2641',1.0,23.0,'Albury','','',''),('1.60010005E9','AU','Toorak Rd','1.600000021E9','2640',1.0,231.0,'Albury','','',''),('1.600100051E9','AU','Pacific Highway','1.600000022E9','4051',1.0,806.0,'Alderley','','',''),('1.600100052E9','AU','Bennet Street','1.600000023E9','5154',1.0,7.0,'Aldgate','','',''),('1.600100053E9','AU','Pacific Hway','1.600000024E9','3714',1.0,3353.0,'Alexandra','','',''),('1.600100054E9','AU','Cotham Road','1.600000025E9','2016',1.0,32.0,'Alexandria','','',''),('1.600100055E9','AU','Creek Street','1.600000025E9','2086',1.0,19.0,'Alexandria','','',''),('1.600100056E9','AU','Elizabeth Street','1.600000025E9','1435',1.0,444.0,'Alexandria','','',''),('1.600100057E9','AU','Hayden Court Mayree','1.600000025E9','2075',1.0,13.0,'Alexandria','','',''),('1.600100058E9','AU','Maurice Road Penrose','1.600000025E9','2000',1.0,6.0,'Alexandria','','',''),('1.600100059E9','AU','Northern Road','1.600000025E9','1405',1.0,148.0,'Alexandria','','',''),('1.60010006E9','AU','Planetree Avenue Redwood Garde','1.600000025E9','2017',1.0,14.0,'Alexandria','','',''),('1.600100061E9','AU','Sherwood Rd','1.600000025E9','2015',1.0,456.0,'Alexandria','','',''),('1.600100062E9','AU','Warren Road','1.600000025E9','2018',1.0,153.0,'Alexandria','','',''),('1.600100063E9','AU','Carrington Road','1.600000026E9','2234',1.0,53.0,'Alfords Point','','',''),('1.600100064E9','AU','Bridge Street','1.600000027E9','870',1.0,56.0,'Alice Springs','','',''),('1.600100065E9','AU','Gow Street','1.600000027E9','0870',1.0,120.0,'Alice Springs','','',''),('1.600100066E9','AU','Longueville Rd','1.600000027E9','871',1.0,81.0,'Alice Springs','','',''),('1.600100067E9','AU','Talavera Rd','1.600000027E9','0871',1.0,39.0,'Alice Springs','','',''),('1.600100068E9','AU','McCarthy Place','1.600000028E9','2100',1.0,6.0,'Allambie Heights','','',''),('1.600100069E9','AU','Princes Highway','1.600000029E9','3277',1.0,638.0,'Allansford','','',''),('1.60010007E9','AU','Meehan Place','1.60000003E9','3078',1.0,11.0,'Alphington','','',''),('1.600100071E9','AU','Carbeen Road','1.600000031E9','3018',1.0,6.0,'Altona','','',''),('1.600100072E9','AU','Mellor Street','1.600000031E9','3025',1.0,38.0,'Altona','','',''),('1.600100073E9','AU','Hassall Street','1.600000032E9','3025',1.0,109.0,'Altona North','','',''),('1.600100074E9','AU','Plummer Street','1.600000033E9','3018',1.0,483.0,'Altona,','','',''),('1.600100075E9','AU','Arthur Street','1.600000034E9','0885',1.0,91.0,'Alyangula','','',''),('1.600100076E9','AU','Innes Road','1.600000034E9','885',1.0,1.0,'Alyangula','','',''),('1.600100077E9','AU','Brisbane Avenue','1.600000035E9','2914',1.0,27.0,'Amaroo','','',''),('1.600100078E9','AU','Devonshire Road','1.600000036E9','4308',1.0,5.0,'Ambeley','','',''),('1.600100079E9','AU','Mary Street','1.600000037E9','4306',1.0,37.0,'Amberley','','',''),('1.60010008E9','AU','Rushdale Street','1.600000038E9','5353',1.0,32.0,'Angaston','','',''),('1.600100081E9','AU','Glenferrie Rd','1.600000039E9','5010',1.0,825.0,'Angle Park','','',''),('1.600100082E9','AU','Harris Street','1.60000004E9','2038',1.0,495.0,'Annandale','','',''),('1.600100083E9','AU','Stradbroke Ave','1.600000041E9','2156',1.0,16.0,'Annangrove','','',''),('1.600100084E9','AU','Mundy Street','1.600000042E9','4103',1.0,9.0,'Annerley','','',''),('1.600100085E9','AU','Shadforth Street','1.600000043E9','2560',1.0,57.0,'Appin','','',''),('1.600100086E9','AU','Prospect Street','1.600000044E9','5012',1.0,32.0,'Apple Park','','',''),('1.600100087E9','AU','Great Eastern Highway','1.600000045E9','6953',1.0,517.0,'Applecross','','',''),('1.600100088E9','AU','King Street','1.600000045E9','6193',1.0,40.0,'Applecross','','',''),('1.600100089E9','AU','Moore Street','1.600000045E9','6153',1.0,9.0,'Applecross','','',''),('1.60010009E9','AU','Boniface Street','1.600000046E9','4378',1.0,160.0,'Applethorpe','','',''),('1.600100091E9','AU','Burke Road Camberwell','1.600000047E9','2614',1.0,979.0,'Aranda','','',''),('1.600100092E9','AU','Exhibition Street','1.600000048E9','3377',1.0,324.0,'Ararat','','',''),('1.600100093E9','AU','Latrobe Street','1.600000048E9','3371',1.0,301.0,'Ararat','','',''),('1.600100094E9','AU','Montgomery Street','1.600000049E9','4106',1.0,20.0,'Archerfield','','',''),('1.600100095E9','AU','Porter Street','1.600000049E9','4108',1.0,42.0,'Archerfield','','',''),('1.600100096E9','AU','Market St','1.60000005E9','4108',1.0,7.0,'Archerfield Bc','','',''),('1.600100097E9','AU','Epping Road','1.600000051E9','3000',1.0,72.0,'Ardeer','','',''),('1.600100098E9','AU','Delawney Street','1.600000052E9','6953',1.0,17.0,'Ardross','','',''),('1.600100099E9','AU','Hay Street','1.600000053E9','2284',1.0,568.0,'Argenton','','',''),('1.6001001E9','AU','Bayswater Rd','1.600000054E9','6992',1.0,159.0,'Armadale','','',''),('1.600100101E9','AU','Governor Road','1.600000054E9','6112',1.0,230.0,'Armadale','','',''),('1.600100102E9','AU','Loyalty Road','1.600000054E9','3143',1.0,25.0,'Armadale','','','');
/*!40000 ALTER TABLE `street_code` ENABLE KEYS */;
UNLOCK TABLES;

--
-- Table structure for table `supplier`
--

DROP TABLE IF EXISTS `supplier`;
/*!40101 SET @saved_cs_client     = @@character_set_client */;
/*!40101 SET character_set_client = utf8 */;
CREATE TABLE `supplier` (
  `supplier_id` decimal(6,1) DEFAULT NULL,
  `supplier_name` varchar(29) DEFAULT NULL,
  `street_id` varchar(19) DEFAULT NULL,
  `supplier_address` varchar(24) DEFAULT NULL,
  `sup_street_number` smallint(6) DEFAULT NULL,
  `country` varchar(2) DEFAULT NULL
) ENGINE=InnoDB DEFAULT CHARSET=utf8mb4;
/*!40101 SET character_set_client = @saved_cs_client */;

--
-- Dumping data for table `supplier`
--

LOCK TABLES `supplier` WRITE;
/*!40000 ALTER TABLE `supplier` DISABLE KEYS */;
INSERT INTO `supplier` VALUES (50.0,'Scandinavian Clothing A/S','6.850100389E9','Kr. Augusts Gate 13',13,'NO'),(109.0,'Petterson AB','8.500100286E9','Blasieholmstorg 1',1,'SE'),(316.0,'Prime Sports Ltd','9.250103252E9','9 Carlisle Place',9,'GB'),(755.0,'Top Sports','3.150108266E9','Jernbanegade 45',45,'DK'),(772.0,'AllSeasons Outdoor Clothing','9.260115819E9','553 Cliffview Dr',553,'US'),(798.0,'Sportico','8.300100454000001E9','C. Barquillo 1',1,'ES'),(1037.0,'Meister Pharma & Chemie GmBH','3.940105967E9','Worringerstr. 1',1,'DE'),(1280.0,'British Sports Ltd','9.250100844E9','85 Station Street',85,'GB'),(1303.0,'Eclipse Inc','9.260107621E9','1218 Carriole Ct',1218,'US'),(1444.0,'Dutchman Bikes','6.300100782E9','Ryksweg 173',173,'NL'),(1684.0,'Magnifico Sports','7.350100062E9','Rua Costa Pinto 2',2,'PT'),(1747.0,'Pro Sportswear Inc','9.260109782E9','2434 Edgebrook Dr',2434,'US'),(2685.0,'Bon Garrments','3.500100396E9','Rue de la Liberation 1',1,'FR'),(2963.0,'3Top Sports','9.260111024E9','5033 Charles B Root Wynd',5033,'US'),(2995.0,'Van Dammeren International','6.300100165E9','Transistorstraat 6',6,'NL'),(3298.0,'A Team Sports','9.260125378E9','2687 Julie Ann Ct',2687,'US'),(3664.0,'Triple Sportswear Inc','9.26010402E9','116 Irelan Dr',116,'US'),(3808.0,'Carolina Sports','9.260124917E9','3860 Grand Ave',3860,'US'),(3815.0,'Roll-Over Inc','9.260119457E9','150 Crestscene Trl',150,'US'),(4168.0,'Rubby Zapatos S.A.','8.300100111000001E9','C. Casanova 1',1,'ES'),(4514.0,'Royal Darts Ltd','9.250103387E9','347 City Road',347,'GB'),(4646.0,'Mayday Inc','9.260106363E9','127 Bridgeford Dr',127,'US'),(4718.0,'KN Outdoor Trading Inc','9.260100032E9','115 Davishire Dr',115,'US'),(4742.0,'Luna sastreria S.A.','8.300100391999999E9','Av. De Burgos 12',12,'ES'),(4793.0,'Norsok A/S','3.15010554E9','Jens Engbergs Alle 91',91,'DK'),(5503.0,'Ultra Sporting Goods Inc','9.260115962E9','2214 Grand Pointe Dr',2214,'US'),(5668.0,'A. Pereira Sport','7.350100378E9','Av.Principal 1',1,'PT'),(5810.0,'Teamsports Inc','9.260105801E9','42 Farmlea Cir',42,'US'),(5922.0,'Force Sports','1.900111322E9','Dr Vandeperreln 139',139,'BE'),(6071.0,'SportsFan Products Ltd','9.250102901E9','50 Baker Street',50,'GB'),(6153.0,'Nautlius SportsWear Inc','9.260112561E9','56 Bagwell Ave',56,'US'),(6246.0,'Schroeder Trim GmBH','3.940100265E9','Kulmbacher 9',9,'DE'),(6355.0,'Svensson Trading AB','8.500100026E9','Uddnäsvägen 29',29,'SE'),(6991.0,'SnowSports International GmBH','3.940103249E9','Olof-Palme-Straße 13',13,'DE'),(7511.0,'Mike Schaeffer Inc','9.260113554E9','588 Battle Bridge Rd',588,'US'),(7650.0,'Sockeye Sportswear Inc','9.260120981E9','31 Castalia Dr',31,'US'),(10225.0,'HighPoint Trading','9.260116271E9','1731 Glenwood Ave',1731,'US'),(10692.0,'Toto Outdoor Gear','1.600102926E9','44 Norway St Kelburn',44,'AU'),(11427.0,'Typhoon Clothing','1.600102664E9','120 Station Street',120,'AU'),(12283.0,'EA Sports Limited','9.2501037E9','6 Fenchurch Place',6,'GB'),(12869.0,'Truls Sporting Goods','6.850100249E9','Akersgt. 1',1,'NO'),(13079.0,'Le Blanc S.A.','3.500100333E9','Impasse de la Barriere 1',1,'FR'),(13198.0,'Twain Inc','9.26012847E9','1648 Bloodworth St',1648,'US'),(13199.0,'Massif S.A.','3.500100143E9','Bld de la Republique 2',2,'FR'),(13314.0,'Triffy B.V.','6.300100301E9','Hogehilweg 16',16,'NL'),(13710.0,'SD Sporting Goods Inc','9.260108085E9','5789 Hayden Ct',5789,'US'),(14162.0,'Health-Sports','1.600102076E9','142 George St',142,'AU'),(14593.0,'Fga Sports Inc','9.260115242E9','41 Calvary Dr',41,'US'),(14624.0,'Ypsilon S.A.','3.500100058E9','Av Aristide Briand 19',19,'FR'),(14648.0,'Top Sports Inc','9.260112666E9','7 Cathedral Way',7,'US'),(14682.0,'Greenline Sports Ltd','9.250101069E9','55 Boughton',55,'GB'),(15218.0,'Miller Trading Inc','9.260122051E9','1460 Grande Meadow Way',1460,'US'),(15938.0,'TeeTime Ltd','9.250106697E9','1 Bletchingley Road',1,'GB'),(16292.0,'Dolphin Sportswear Inc','9.260102742E9','617 Chippendale Rd',617,'US'),(16422.0,'Outback Outfitters Ltd','9.250103927E9','41 Grange Road',41,'GB'),(16542.0,'TrimSport B.V.','6.300100742E9','Crabethpark 19',19,'NL'),(16733.0,'Fuller Trading Co.','2.600100011E9','15 boul Wallberg',15,'CA'),(16814.0,'CrystalClear Optics Inc','2.600100022E9','4697 rue Beaubien E',4697,'CA'),(17501.0,'ToughWear S.A.','3.500100622E9','Av Georges Clemenceau 1',1,'FR'),(17832.0,'GrandSlam Sporting Goods Ltd','9.250101267E9','651 Mitcham Road',651,'GB'),(17922.0,'Bianco Trading S.A.','8.300100786E9','C. Manufactura 1',1,'ES'),(18009.0,'SportPharma Inc','9.260110032E9','92 Doverton Ct',92,'US'),(18012.0,'Harry Penny Ltd','9.250105053E9','1 Putney Bridge Road',1,'GB'),(18139.0,'Green Lime Sports Inc','9.260100299E9','1064 Lancashire Dr',1064,'US');
/*!40000 ALTER TABLE `supplier` ENABLE KEYS */;
UNLOCK TABLES;
/*!40103 SET TIME_ZONE=@OLD_TIME_ZONE */;

/*!40101 SET SQL_MODE=@OLD_SQL_MODE */;
/*!40014 SET FOREIGN_KEY_CHECKS=@OLD_FOREIGN_KEY_CHECKS */;
/*!40014 SET UNIQUE_CHECKS=@OLD_UNIQUE_CHECKS */;
/*!40101 SET CHARACTER_SET_CLIENT=@OLD_CHARACTER_SET_CLIENT */;
/*!40101 SET CHARACTER_SET_RESULTS=@OLD_CHARACTER_SET_RESULTS */;
/*!40101 SET COLLATION_CONNECTION=@OLD_COLLATION_CONNECTION */;
/*!40111 SET SQL_NOTES=@OLD_SQL_NOTES */;
